mae,rmse,mape,area,model,parameters,validation_rmse,training_seconds,execution_seconds
104.17313385009766,140.65971793658625,10.487441062927246,5161,RidgeAR,{'alpha': 1.0},0.13972722345312624,0.002647518999992826,0.00029728900000236536
112.6622314453125,149.82289675021306,11.96707534790039,5161,LSTM,"{'sequence_length': 24, 'num_layers': 1, 'dropout': 0.0, 'batch_size': 64, 'epochs': 24, 'hidden_size': 16, 'learning_rate': 0.001}",0.14167411523993373,2.437856133999958,0.0023816989999545513
102.71562957763672,143.61533094085047,8.013427734375,5161,GRU,"{'sequence_length': 24, 'num_layers': 1, 'dropout': 0.0, 'batch_size': 64, 'epochs': 24, 'hidden_size': 32, 'learning_rate': 0.001}",0.14333292641785253,7.993892089999974,0.004108927000004314
85.14164733886719,112.10616829037554,8.466224670410156,5059,RidgeAR,{'alpha': 1.0},0.15675713375238337,0.0024166910000076314,0.0002573560000200814
86.01351165771484,113.50462889790002,9.2245454788208,5059,LSTM,"{'sequence_length': 24, 'num_layers': 1, 'dropout': 0.0, 'batch_size': 64, 'epochs': 24, 'hidden_size': 16, 'learning_rate': 0.001}",0.16719111924398483,2.5469468369999504,0.0017219830000385627
85.786865234375,113.26249413696046,8.629362106323242,5059,GRU,"{'sequence_length': 24, 'num_layers': 1, 'dropout': 0.0, 'batch_size': 64, 'epochs': 24, 'hidden_size': 32, 'learning_rate': 0.001}",0.16838427644924286,7.955773007999994,0.004181581000011647
76.05487060546875,103.24780566675497,7.727984428405762,5259,RidgeAR,{'alpha': 1.0},0.1058716891752352,0.002877788999967379,0.00026986000000306376
75.99647521972656,104.2918081634411,7.434396266937256,5259,LSTM,"{'sequence_length': 24, 'num_layers': 1, 'dropout': 0.0, 'batch_size': 64, 'epochs': 24, 'hidden_size': 16, 'learning_rate': 0.001}",0.10842636539062607,2.666015781999988,0.002318257000013091
79.39999389648438,107.64555915712455,7.647801399230957,5259,GRU,"{'sequence_length': 24, 'num_layers': 1, 'dropout': 0.0, 'batch_size': 64, 'epochs': 24, 'hidden_size': 16, 'learning_rate': 0.001}",0.10859799702661786,7.206595593000031,0.00411483400000634
