timestamp,square_id,internet_traffic
2013-10-31T23:00:00+00:00,4556,1129.83227539
2013-10-31T23:10:00+00:00,4556,981.020324707
2013-10-31T23:20:00+00:00,4556,998.110717773
2013-10-31T23:30:00+00:00,4556,960.983581543
2013-10-31T23:40:00+00:00,4556,934.794006348
2013-10-31T23:50:00+00:00,4556,982.659606934
2013-11-01T00:00:00+00:00,4556,1100.19152832
2013-11-01T00:10:00+00:00,4556,833.38092041
2013-11-01T00:20:00+00:00,4556,886.567077637
2013-11-01T00:30:00+00:00,4556,871.006286621
2013-11-01T00:40:00+00:00,4556,823.789001465
2013-11-01T00:50:00+00:00,4556,678.194641113
2013-11-01T01:00:00+00:00,4556,656.03125
2013-11-01T01:10:00+00:00,4556,610.270935059
2013-11-01T01:20:00+00:00,4556,559.666381836
2013-11-01T01:30:00+00:00,4556,482.232177734
2013-11-01T01:40:00+00:00,4556,471.771759033
2013-11-01T01:50:00+00:00,4556,498.20413208
2013-11-01T02:00:00+00:00,4556,431.740509033
2013-11-01T02:10:00+00:00,4556,385.021972656
2013-11-01T02:20:00+00:00,4556,363.434661865
2013-11-01T02:30:00+00:00,4556,366.989501953
2013-11-01T02:40:00+00:00,4556,335.152893066
2013-11-01T02:50:00+00:00,4556,369.977020264
2013-11-01T03:00:00+00:00,4556,386.624084473
2013-11-01T03:10:00+00:00,4556,471.393127441
2013-11-01T03:20:00+00:00,4556,527.85949707
2013-11-01T03:30:00+00:00,4556,341.868743896
2013-11-01T03:40:00+00:00,4556,313.734069824
2013-11-01T03:50:00+00:00,4556,322.867462158
2013-11-01T04:00:00+00:00,4556,267.072540283
2013-11-01T04:10:00+00:00,4556,289.000762939
2013-11-01T04:20:00+00:00,4556,272.841033936
2013-11-01T04:30:00+00:00,4556,258.152801514
2013-11-01T04:40:00+00:00,4556,266.341033936
2013-11-01T05:00:00+00:00,4556,276.967559814
2013-11-01T05:20:00+00:00,4556,271.551147461
2013-11-01T06:00:00+00:00,4556,237.126846313
2013-11-01T06:10:00+00:00,4556,257.887756348
2013-11-01T06:20:00+00:00,4556,239.268966675
2013-11-01T06:30:00+00:00,4556,262.305145264
2013-11-01T06:40:00+00:00,4556,256.328979492
2013-11-01T06:50:00+00:00,4556,236.950531006
2013-11-01T07:00:00+00:00,4556,236.350646973
2013-11-01T07:10:00+00:00,4556,253.999908447
2013-11-01T07:20:00+00:00,4556,256.044677734
2013-11-01T07:30:00+00:00,4556,277.434539795
2013-11-01T07:40:00+00:00,4556,310.197967529
2013-11-01T07:50:00+00:00,4556,321.218353271
2013-11-01T08:00:00+00:00,4556,308.429962158
2013-11-01T08:10:00+00:00,4556,327.547393799
2013-11-01T08:20:00+00:00,4556,351.42364502
2013-11-01T08:30:00+00:00,4556,312.785858154
2013-11-01T08:40:00+00:00,4556,363.091308594
2013-11-01T08:50:00+00:00,4556,410.042236328
2013-11-01T09:00:00+00:00,4556,458.851257324
2013-11-01T09:10:00+00:00,4556,577.669250488
2013-11-01T09:20:00+00:00,4556,536.707275391
2013-11-01T09:30:00+00:00,4556,507.966949463
2013-11-01T09:40:00+00:00,4556,547.72265625
2013-11-01T09:50:00+00:00,4556,506.792602539
2013-11-01T10:00:00+00:00,4556,459.200469971
2013-11-01T10:10:00+00:00,4556,476.963745117
2013-11-01T10:20:00+00:00,4556,364.488616943
2013-11-01T10:30:00+00:00,4556,417.483642578
2013-11-01T10:40:00+00:00,4556,418.461273193
2013-11-01T10:50:00+00:00,4556,508.697174072
2013-11-01T11:00:00+00:00,4556,544.117736816
2013-11-01T11:10:00+00:00,4556,534.86505127
2013-11-01T11:20:00+00:00,4556,539.516357422
2013-11-01T11:30:00+00:00,4556,509.585784912
2013-11-01T11:40:00+00:00,4556,636.181396484
2013-11-01T11:50:00+00:00,4556,582.881896973
2013-11-01T12:00:00+00:00,4556,505.411651611
2013-11-01T12:10:00+00:00,4556,643.356628418
2013-11-01T12:20:00+00:00,4556,613.331604004
2013-11-01T12:30:00+00:00,4556,554.422058105
2013-11-01T12:40:00+00:00,4556,566.289916992
2013-11-01T12:50:00+00:00,4556,585.289733887
2013-11-01T13:00:00+00:00,4556,601.961364746
2013-11-01T13:10:00+00:00,4556,623.538085938
2013-11-01T13:20:00+00:00,4556,590.153686523
2013-11-01T13:30:00+00:00,4556,563.423156738
2013-11-01T13:40:00+00:00,4556,612.554748535
2013-11-01T13:50:00+00:00,4556,572.055053711
2013-11-01T14:00:00+00:00,4556,577.485351562
2013-11-01T14:10:00+00:00,4556,673.158874512
2013-11-01T14:20:00+00:00,4556,560.223083496
2013-11-01T14:30:00+00:00,4556,498.595123291
2013-11-01T14:40:00+00:00,4556,488.150177002
2013-11-01T14:50:00+00:00,4556,513.922180176
2013-11-01T15:00:00+00:00,4556,500.793762207
2013-11-01T15:10:00+00:00,4556,572.190124512
2013-11-01T15:20:00+00:00,4556,571.128051758
2013-11-01T15:30:00+00:00,4556,489.743804932
2013-11-01T15:40:00+00:00,4556,460.085632324
2013-11-01T15:50:00+00:00,4556,633.827758789
2013-11-01T16:00:00+00:00,4556,594.890808105
2013-11-01T16:10:00+00:00,4556,586.040344238
2013-11-01T16:20:00+00:00,4556,644.281677246
2013-11-01T16:30:00+00:00,4556,538.225585938
2013-11-01T16:40:00+00:00,4556,554.119018555
2013-11-01T16:50:00+00:00,4556,677.139648438
2013-11-01T17:00:00+00:00,4556,581.500671387
2013-11-01T17:10:00+00:00,4556,576.588867188
2013-11-01T17:20:00+00:00,4556,579.081542969
2013-11-01T17:30:00+00:00,4556,590.706176758
2013-11-01T17:40:00+00:00,4556,631.777770996
2013-11-01T17:50:00+00:00,4556,692.823913574
2013-11-01T18:00:00+00:00,4556,657.091308594
2013-11-01T18:10:00+00:00,4556,1032.16113281
2013-11-01T18:20:00+00:00,4556,850.331237793
2013-11-01T18:30:00+00:00,4556,852.432067871
2013-11-01T18:40:00+00:00,4556,866.441833496
2013-11-01T18:50:00+00:00,4556,882.515380859
2013-11-01T19:00:00+00:00,4556,1196.93737793
2013-11-01T19:10:00+00:00,4556,908.427429199
2013-11-01T19:20:00+00:00,4556,890.740661621
2013-11-01T19:30:00+00:00,4556,898.894958496
2013-11-01T19:40:00+00:00,4556,821.667358398
2013-11-01T19:50:00+00:00,4556,809.725830078
2013-11-01T20:00:00+00:00,4556,933.69909668
2013-11-01T20:10:00+00:00,4556,994.189147949
2013-11-01T20:20:00+00:00,4556,906.161437988
2013-11-01T20:30:00+00:00,4556,1022.69140625
2013-11-01T20:40:00+00:00,4556,1036.89929199
2013-11-01T20:50:00+00:00,4556,919.018005371
2013-11-01T21:00:00+00:00,4556,876.276428223
2013-11-01T21:10:00+00:00,4556,1027.25354004
2013-11-01T21:20:00+00:00,4556,938.852844238
2013-11-01T21:30:00+00:00,4556,936.143127441
2013-11-01T21:40:00+00:00,4556,1006.85284424
2013-11-01T21:50:00+00:00,4556,831.481750488
2013-11-01T22:00:00+00:00,4556,863.809875488
2013-11-01T22:10:00+00:00,4556,920.190673828
2013-11-01T22:20:00+00:00,4556,991.494750977
2013-11-01T22:30:00+00:00,4556,990.632568359
2013-11-01T22:40:00+00:00,4556,803.331054688
2013-11-01T22:50:00+00:00,4556,878.187866211
2013-11-01T23:00:00+00:00,4556,804.569580078
2013-11-01T23:10:00+00:00,4556,748.344177246
2013-11-01T23:20:00+00:00,4556,748.87298584
2013-11-01T23:30:00+00:00,4556,884.682922363
2013-11-01T23:40:00+00:00,4556,679.423278809
2013-11-01T23:50:00+00:00,4556,850.245544434
2013-11-02T00:00:00+00:00,4556,1018.61083984
2013-11-02T00:10:00+00:00,4556,750.375
2013-11-02T00:20:00+00:00,4556,628.233459473
2013-11-02T00:30:00+00:00,4556,552.149841309
2013-11-02T00:40:00+00:00,4556,649.150390625
2013-11-02T00:50:00+00:00,4556,428.445343018
2013-11-02T01:00:00+00:00,4556,628.893920898
2013-11-02T01:10:00+00:00,4556,394.191925049
2013-11-02T01:20:00+00:00,4556,391.007995605
2013-11-02T01:30:00+00:00,4556,424.156005859
2013-11-02T01:40:00+00:00,4556,516.172241211
2013-11-02T01:50:00+00:00,4556,404.557098389
2013-11-02T02:10:00+00:00,4556,292.719207764
2013-11-02T02:50:00+00:00,4556,205.920318604
2013-11-02T03:20:00+00:00,4556,220.85395813
2013-11-02T04:00:00+00:00,4556,207.35786438
2013-11-02T05:50:00+00:00,4556,337.407226562
2013-11-02T06:00:00+00:00,4556,196.311447144
2013-11-02T06:10:00+00:00,4556,311.258239746
2013-11-02T06:20:00+00:00,4556,203.341094971
2013-11-02T06:30:00+00:00,4556,195.310745239
2013-11-02T06:50:00+00:00,4556,229.43536377
2013-11-02T07:00:00+00:00,4556,222.322967529
2013-11-02T07:10:00+00:00,4556,224.96913147
2013-11-02T07:20:00+00:00,4556,332.520782471
2013-11-02T07:30:00+00:00,4556,307.614807129
2013-11-02T07:40:00+00:00,4556,238.960510254
2013-11-02T07:50:00+00:00,4556,275.271026611
2013-11-02T08:00:00+00:00,4556,317.30859375
2013-11-02T08:10:00+00:00,4556,344.486022949
2013-11-02T08:20:00+00:00,4556,491.771331787
2013-11-02T08:30:00+00:00,4556,402.036499023
2013-11-02T08:40:00+00:00,4556,367.055297852
2013-11-02T08:50:00+00:00,4556,428.3777771
2013-11-02T09:00:00+00:00,4556,448.255432129
2013-11-02T09:10:00+00:00,4556,388.019073486
2013-11-02T09:20:00+00:00,4556,427.555419922
2013-11-02T09:30:00+00:00,4556,379.593658447
2013-11-02T09:40:00+00:00,4556,457.684661865
2013-11-02T09:50:00+00:00,4556,477.197784424
2013-11-02T10:00:00+00:00,4556,451.632080078
2013-11-02T10:10:00+00:00,4556,683.268005371
2013-11-02T10:20:00+00:00,4556,563.778259277
2013-11-02T10:30:00+00:00,4556,576.28314209
2013-11-02T10:40:00+00:00,4556,698.666625977
2013-11-02T10:50:00+00:00,4556,540.317810059
2013-11-02T11:00:00+00:00,4556,638.304870605
2013-11-02T11:10:00+00:00,4556,545.671691895
2013-11-02T11:20:00+00:00,4556,633.87298584
2013-11-02T11:30:00+00:00,4556,624.979553223
2013-11-02T11:40:00+00:00,4556,625.649719238
2013-11-02T11:50:00+00:00,4556,495.618865967
2013-11-02T12:00:00+00:00,4556,526.160522461
2013-11-02T12:10:00+00:00,4556,659.539611816
2013-11-02T12:20:00+00:00,4556,632.091003418
2013-11-02T12:30:00+00:00,4556,536.91003418
2013-11-02T12:40:00+00:00,4556,525.211425781
2013-11-02T12:50:00+00:00,4556,613.806640625
2013-11-02T13:00:00+00:00,4556,596.028076172
2013-11-02T13:10:00+00:00,4556,595.87677002
2013-11-02T13:20:00+00:00,4556,666.788024902
2013-11-02T13:30:00+00:00,4556,677.903320312
2013-11-02T13:40:00+00:00,4556,760.100524902
2013-11-02T13:50:00+00:00,4556,695.689025879
2013-11-02T14:00:00+00:00,4556,690.772827148
2013-11-02T14:10:00+00:00,4556,671.885437012
2013-11-02T14:20:00+00:00,4556,808.530334473
2013-11-02T14:30:00+00:00,4556,703.572937012
2013-11-02T14:40:00+00:00,4556,671.038757324
2013-11-02T14:50:00+00:00,4556,660.515319824
2013-11-02T15:00:00+00:00,4556,855.410949707
2013-11-02T15:10:00+00:00,4556,695.368041992
2013-11-02T15:20:00+00:00,4556,604.892883301
2013-11-02T15:30:00+00:00,4556,580.962768555
2013-11-02T15:40:00+00:00,4556,613.243896484
2013-11-02T15:50:00+00:00,4556,671.586853027
2013-11-02T16:00:00+00:00,4556,584.978820801
2013-11-02T16:10:00+00:00,4556,507.009613037
2013-11-02T16:20:00+00:00,4556,582.318969727
2013-11-02T16:30:00+00:00,4556,606.851501465
2013-11-02T16:40:00+00:00,4556,594.915161133
2013-11-02T16:50:00+00:00,4556,645.988586426
2013-11-02T17:00:00+00:00,4556,719.792297363
2013-11-02T17:10:00+00:00,4556,889.003479004
2013-11-02T17:20:00+00:00,4556,666.262023926
2013-11-02T17:30:00+00:00,4556,820.802011669
2013-11-02T17:40:00+00:00,4556,741.682617188
2013-11-02T17:50:00+00:00,4556,823.003967285
2013-11-02T18:00:00+00:00,4556,807.367736816
2013-11-02T18:10:00+00:00,4556,842.594970703
2013-11-02T18:20:00+00:00,4556,802.607177734
2013-11-02T18:30:00+00:00,4556,869.498962402
2013-11-02T18:40:00+00:00,4556,735.099609375
2013-11-02T18:50:00+00:00,4556,990.802307129
2013-11-02T19:00:00+00:00,4556,900.077697754
2013-11-02T19:10:00+00:00,4556,816.142456055
2013-11-02T19:20:00+00:00,4556,860.556945801
2013-11-02T19:30:00+00:00,4556,902.938476562
2013-11-02T19:40:00+00:00,4556,921.023864746
2013-11-02T19:50:00+00:00,4556,992.219726562
2013-11-02T20:00:00+00:00,4556,992.462646484
2013-11-02T20:10:00+00:00,4556,963.493408203
2013-11-02T20:20:00+00:00,4556,969.493896484
2013-11-02T20:30:00+00:00,4556,1081.07543945
2013-11-02T20:40:00+00:00,4556,1017.8626709
2013-11-02T20:50:00+00:00,4556,1018.56182861
2013-11-02T21:00:00+00:00,4556,1141.57543945
2013-11-02T21:10:00+00:00,4556,1211.71801758
2013-11-02T21:20:00+00:00,4556,1183.89343262
2013-11-02T21:30:00+00:00,4556,1165.2512207
2013-11-02T21:40:00+00:00,4556,1300.29211426
2013-11-02T21:50:00+00:00,4556,1000.58074951
2013-11-02T22:00:00+00:00,4556,1124.65808105
2013-11-02T22:10:00+00:00,4556,1108.01159668
2013-11-02T22:20:00+00:00,4556,1124.28759766
2013-11-02T22:30:00+00:00,4556,1370.63317871
2013-11-02T22:40:00+00:00,4556,1273.54333496
2013-11-02T22:50:00+00:00,4556,1114.96032715
2013-11-02T23:00:00+00:00,4556,1020.44580078
2013-11-02T23:10:00+00:00,4556,1058.11499023
2013-11-02T23:20:00+00:00,4556,1125.72949219
2013-11-02T23:30:00+00:00,4556,921.37286377
2013-11-02T23:40:00+00:00,4556,1013.76818848
2013-11-02T23:50:00+00:00,4556,863.919067383
2013-11-03T00:00:00+00:00,4556,924.439086914
2013-11-03T00:10:00+00:00,4556,826.682373047
2013-11-03T00:20:00+00:00,4556,640.096984863
2013-11-03T00:30:00+00:00,4556,665.186035156
2013-11-03T00:40:00+00:00,4556,658.405090332
2013-11-03T00:50:00+00:00,4556,514.049621582
2013-11-03T01:00:00+00:00,4556,561.599731445
2013-11-03T01:10:00+00:00,4556,527.030029297
2013-11-03T01:20:00+00:00,4556,481.70199585
2013-11-03T01:30:00+00:00,4556,402.128479004
2013-11-03T01:40:00+00:00,4556,397.386779785
2013-11-03T02:00:00+00:00,4556,331.176086426
2013-11-03T02:10:00+00:00,4556,403.086029053
2013-11-03T02:20:00+00:00,4556,328.529449463
2013-11-03T02:30:00+00:00,4556,285.17276001
2013-11-03T02:40:00+00:00,4556,313.600372314
2013-11-03T03:20:00+00:00,4556,250.976211548
2013-11-03T04:10:00+00:00,4556,220.592147827
2013-11-03T04:20:00+00:00,4556,206.333999634
2013-11-03T06:20:00+00:00,4556,181.804595947
2013-11-03T06:30:00+00:00,4556,177.694671631
2013-11-03T06:40:00+00:00,4556,208.970794678
2013-11-03T06:50:00+00:00,4556,171.605316162
2013-11-03T07:00:00+00:00,4556,205.091110229
2013-11-03T07:10:00+00:00,4556,214.891265869
2013-11-03T07:20:00+00:00,4556,220.586334229
2013-11-03T07:30:00+00:00,4556,221.940689087
2013-11-03T07:40:00+00:00,4556,240.967330933
2013-11-03T07:50:00+00:00,4556,225.711517334
2013-11-03T08:00:00+00:00,4556,361.260894775
2013-11-03T08:10:00+00:00,4556,339.038543701
2013-11-03T08:20:00+00:00,4556,267.157867432
2013-11-03T08:30:00+00:00,4556,319.902954102
2013-11-03T08:40:00+00:00,4556,348.375091553
2013-11-03T08:50:00+00:00,4556,322.131530762
2013-11-03T09:00:00+00:00,4556,325.027862549
2013-11-03T09:10:00+00:00,4556,324.844238281
2013-11-03T09:20:00+00:00,4556,288.660369873
2013-11-03T09:30:00+00:00,4556,446.671539307
2013-11-03T09:40:00+00:00,4556,416.275939941
2013-11-03T09:50:00+00:00,4556,481.822601318
2013-11-03T10:00:00+00:00,4556,495.84564209
2013-11-03T10:10:00+00:00,4556,443.932189941
2013-11-03T10:20:00+00:00,4556,632.029968262
2013-11-03T10:30:00+00:00,4556,782.617126465
2013-11-03T10:40:00+00:00,4556,603.741760254
2013-11-03T10:50:00+00:00,4556,503.55682373
2013-11-03T11:00:00+00:00,4556,452.52911377
2013-11-03T11:10:00+00:00,4556,485.103546143
2013-11-03T11:20:00+00:00,4556,484.359039307
2013-11-03T11:30:00+00:00,4556,556.787414551
2013-11-03T11:40:00+00:00,4556,408.640197754
2013-11-03T11:50:00+00:00,4556,460.605010986
2013-11-03T12:00:00+00:00,4556,473.653747559
2013-11-03T12:10:00+00:00,4556,488.76763916
2013-11-03T12:20:00+00:00,4556,590.994567871
2013-11-03T12:30:00+00:00,4556,455.957672119
2013-11-03T12:40:00+00:00,4556,571.854919434
2013-11-03T12:50:00+00:00,4556,593.665771484
2013-11-03T13:00:00+00:00,4556,586.128540039
2013-11-03T13:10:00+00:00,4556,788.034912109
2013-11-03T13:20:00+00:00,4556,605.126342773
2013-11-03T13:30:00+00:00,4556,538.529541016
2013-11-03T13:40:00+00:00,4556,607.39831543
2013-11-03T13:50:00+00:00,4556,652.122131348
2013-11-03T14:00:00+00:00,4556,752.06463623
2013-11-03T14:10:00+00:00,4556,854.354309082
2013-11-03T14:20:00+00:00,4556,673.608825684
2013-11-03T14:30:00+00:00,4556,667.4375
2013-11-03T14:40:00+00:00,4556,642.921569824
2013-11-03T14:50:00+00:00,4556,744.914245605
2013-11-03T15:00:00+00:00,4556,649.496582031
2013-11-03T15:10:00+00:00,4556,591.00994873
2013-11-03T15:20:00+00:00,4556,503.734893799
2013-11-03T15:30:00+00:00,4556,598.712524414
2013-11-03T15:40:00+00:00,4556,555.763305664
2013-11-03T15:50:00+00:00,4556,530.024047852
2013-11-03T16:00:00+00:00,4556,581.32232666
2013-11-03T16:10:00+00:00,4556,592.406616211
2013-11-03T16:20:00+00:00,4556,558.591796875
2013-11-03T16:30:00+00:00,4556,609.466674805
2013-11-03T16:40:00+00:00,4556,656.794189453
2013-11-03T16:50:00+00:00,4556,835.892883301
2013-11-03T17:00:00+00:00,4556,521.160888672
2013-11-03T17:10:00+00:00,4556,606.809692383
2013-11-03T17:20:00+00:00,4556,703.762451172
2013-11-03T17:30:00+00:00,4556,716.750610352
2013-11-03T17:40:00+00:00,4556,908.813110352
2013-11-03T17:50:00+00:00,4556,653.837890625
2013-11-03T18:00:00+00:00,4556,827.646240234
2013-11-03T18:10:00+00:00,4556,716.04095459
2013-11-03T18:20:00+00:00,4556,790.182434082
2013-11-03T18:30:00+00:00,4556,648.051208496
2013-11-03T18:40:00+00:00,4556,700.26953125
2013-11-03T18:50:00+00:00,4556,857.11138916
2013-11-03T19:00:00+00:00,4556,828.419189453
2013-11-03T19:10:00+00:00,4556,685.606628418
2013-11-03T19:20:00+00:00,4556,890.79675293
2013-11-03T19:30:00+00:00,4556,852.324707031
2013-11-03T19:40:00+00:00,4556,820.653869629
2013-11-03T19:50:00+00:00,4556,899.391052246
2013-11-03T20:00:00+00:00,4556,898.858764648
2013-11-03T20:10:00+00:00,4556,918.417724609
2013-11-03T20:20:00+00:00,4556,967.558288574
2013-11-03T20:30:00+00:00,4556,989.262023926
2013-11-03T20:40:00+00:00,4556,971.109619141
2013-11-03T20:50:00+00:00,4556,1081.48083496
2013-11-03T21:00:00+00:00,4556,1155.71899414
2013-11-03T21:10:00+00:00,4556,817.21484375
2013-11-03T21:20:00+00:00,4556,1010.54870605
2013-11-03T21:30:00+00:00,4556,1149.67260742
2013-11-03T21:40:00+00:00,4556,784.46496582
2013-11-03T21:50:00+00:00,4556,685.659606934
2013-11-03T22:00:00+00:00,4556,726.543151855
2013-11-03T22:10:00+00:00,4556,697.927429199
2013-11-03T22:20:00+00:00,4556,593.150878906
2013-11-03T22:30:00+00:00,4556,595.26965332
2013-11-03T22:40:00+00:00,4556,684.59375
2013-11-03T22:50:00+00:00,4556,538.703308105
2013-11-03T23:00:00+00:00,4556,568.021484375
2013-11-03T23:10:00+00:00,4556,537.114196777
2013-11-03T23:20:00+00:00,4556,522.12286377
2013-11-03T23:30:00+00:00,4556,472.547576904
2013-11-03T23:40:00+00:00,4556,495.273986816
2013-11-03T23:50:00+00:00,4556,492.003540039
2013-11-04T00:00:00+00:00,4556,481.23236084
2013-11-04T00:10:00+00:00,4556,404.858978271
2013-11-04T00:20:00+00:00,4556,436.631408691
2013-11-04T00:30:00+00:00,4556,397.865966797
2013-11-04T00:40:00+00:00,4556,448.191314697
2013-11-04T01:00:00+00:00,4556,350.566741943
2013-11-04T01:10:00+00:00,4556,350.227325439
2013-11-04T01:30:00+00:00,4556,345.803253174
2013-11-04T02:00:00+00:00,4556,286.837890625
2013-11-04T04:50:00+00:00,4556,224.444198608
2013-11-04T05:30:00+00:00,4556,250.882339478
2013-11-04T05:50:00+00:00,4556,260.779571533
2013-11-04T06:00:00+00:00,4556,258.703369141
2013-11-04T06:10:00+00:00,4556,300.309814453
2013-11-04T06:20:00+00:00,4556,316.641723633
2013-11-04T06:30:00+00:00,4556,344.459747314
2013-11-04T06:40:00+00:00,4556,394.965515137
2013-11-04T06:50:00+00:00,4556,427.483428955
2013-11-04T07:00:00+00:00,4556,375.483306885
2013-11-04T07:10:00+00:00,4556,442.680603027
2013-11-04T07:20:00+00:00,4556,459.488128662
2013-11-04T07:30:00+00:00,4556,513.355834961
2013-11-04T07:40:00+00:00,4556,545.465881348
2013-11-04T07:50:00+00:00,4556,536.075561523
2013-11-04T08:00:00+00:00,4556,432.047729492
2013-11-04T08:10:00+00:00,4556,434.378570557
2013-11-04T08:20:00+00:00,4556,560.409484863
2013-11-04T08:30:00+00:00,4556,535.887451172
2013-11-04T08:40:00+00:00,4556,550.067993164
2013-11-04T08:50:00+00:00,4556,660.372680664
2013-11-04T09:00:00+00:00,4556,517.551818848
2013-11-04T09:10:00+00:00,4556,514.36907959
2013-11-04T09:20:00+00:00,4556,467.412811279
2013-11-04T09:30:00+00:00,4556,507.264282227
2013-11-04T09:40:00+00:00,4556,570.907958984
2013-11-04T09:50:00+00:00,4556,501.150024414
2013-11-04T10:00:00+00:00,4556,693.787841797
2013-11-04T10:10:00+00:00,4556,651.750976562
2013-11-04T10:20:00+00:00,4556,472.360168457
2013-11-04T10:30:00+00:00,4556,397.9871521
2013-11-04T10:40:00+00:00,4556,460.693939209
2013-11-04T10:50:00+00:00,4556,532.520935059
2013-11-04T11:00:00+00:00,4556,429.213684082
2013-11-04T11:10:00+00:00,4556,460.795379639
2013-11-04T11:20:00+00:00,4556,523.954467773
2013-11-04T11:30:00+00:00,4556,421.361999512
2013-11-04T11:40:00+00:00,4556,451.007598877
2013-11-04T11:50:00+00:00,4556,465.542205811
2013-11-04T12:00:00+00:00,4556,515.365661621
2013-11-04T12:10:00+00:00,4556,571.563781738
2013-11-04T12:20:00+00:00,4556,491.975036621
2013-11-04T12:30:00+00:00,4556,515.673583984
2013-11-04T12:40:00+00:00,4556,563.113708496
2013-11-04T12:50:00+00:00,4556,504.28338623
2013-11-04T13:00:00+00:00,4556,571.127319336
2013-11-04T13:10:00+00:00,4556,535.018310547
2013-11-04T13:20:00+00:00,4556,539.252441406
2013-11-04T13:30:00+00:00,4556,544.916503906
2013-11-04T13:40:00+00:00,4556,487.449951172
2013-11-04T13:50:00+00:00,4556,528.336364746
2013-11-04T14:00:00+00:00,4556,534.063842773
2013-11-04T14:10:00+00:00,4556,493.965606689
2013-11-04T14:20:00+00:00,4556,470.339111328
2013-11-04T14:30:00+00:00,4556,510.065979004
2013-11-04T14:40:00+00:00,4556,530.217956543
2013-11-04T14:50:00+00:00,4556,560.853881836
2013-11-04T15:00:00+00:00,4556,492.380096436
2013-11-04T15:10:00+00:00,4556,559.74407959
2013-11-04T15:20:00+00:00,4556,630.683959961
2013-11-04T15:30:00+00:00,4556,552.009216309
2013-11-04T15:40:00+00:00,4556,543.352722168
2013-11-04T15:50:00+00:00,4556,631.177368164
2013-11-04T16:00:00+00:00,4556,540.003112793
2013-11-04T16:10:00+00:00,4556,542.037963867
2013-11-04T16:20:00+00:00,4556,566.963928223
2013-11-04T16:30:00+00:00,4556,547.38885498
2013-11-04T16:40:00+00:00,4556,604.446105957
2013-11-04T16:50:00+00:00,4556,615.101745605
2013-11-04T17:00:00+00:00,4556,751.687255859
2013-11-04T17:10:00+00:00,4556,584.219177246
2013-11-04T17:20:00+00:00,4556,746.295898438
2013-11-04T17:30:00+00:00,4556,931.082214355
2013-11-04T17:40:00+00:00,4556,665.131958008
2013-11-04T17:50:00+00:00,4556,849.809814453
2013-11-04T18:00:00+00:00,4556,719.753723145
2013-11-04T18:10:00+00:00,4556,573.063537598
2013-11-04T18:20:00+00:00,4556,604.699157715
2013-11-04T18:30:00+00:00,4556,794.484191895
2013-11-04T18:40:00+00:00,4556,772.712402344
2013-11-04T18:50:00+00:00,4556,799.378051758
2013-11-04T19:00:00+00:00,4556,836.761535645
2013-11-04T19:10:00+00:00,4556,704.268310547
2013-11-04T19:20:00+00:00,4556,717.587524414
2013-11-04T19:30:00+00:00,4556,791.075805664
2013-11-04T19:40:00+00:00,4556,775.758117676
2013-11-04T19:50:00+00:00,4556,737.904296875
2013-11-04T20:00:00+00:00,4556,863.015258789
2013-11-04T20:10:00+00:00,4556,780.272521973
2013-11-04T20:20:00+00:00,4556,898.330932617
2013-11-04T20:30:00+00:00,4556,752.406860352
2013-11-04T20:40:00+00:00,4556,973.516113281
2013-11-04T20:50:00+00:00,4556,956.320861816
2013-11-04T21:00:00+00:00,4556,855.903320312
2013-11-04T21:10:00+00:00,4556,731.716064453
2013-11-04T21:20:00+00:00,4556,864.43762207
2013-11-04T21:30:00+00:00,4556,839.997558594
2013-11-04T21:40:00+00:00,4556,828.053161621
2013-11-04T21:50:00+00:00,4556,678.230163574
2013-11-04T22:00:00+00:00,4556,579.974182129
2013-11-04T22:10:00+00:00,4556,635.599121094
2013-11-04T22:20:00+00:00,4556,546.896850586
2013-11-04T22:30:00+00:00,4556,578.735229492
2013-11-04T22:40:00+00:00,4556,559.571105957
2013-11-04T22:50:00+00:00,4556,535.155334473
2013-11-04T23:00:00+00:00,4556,496.7762146
2013-11-04T23:10:00+00:00,4556,507.763153076
2013-11-04T23:20:00+00:00,4556,478.061126709
2013-11-04T23:30:00+00:00,4556,520.654541016
2013-11-04T23:40:00+00:00,4556,430.961334229
2013-11-04T23:50:00+00:00,4556,472.620941162
2013-11-05T00:00:00+00:00,4556,465.265625
2013-11-05T00:10:00+00:00,4556,448.486938477
2013-11-05T00:20:00+00:00,4556,521.415527344
2013-11-05T00:30:00+00:00,4556,602.129089355
2013-11-05T00:40:00+00:00,4556,339.362457275
2013-11-05T00:50:00+00:00,4556,345.545928955
2013-11-05T01:10:00+00:00,4556,296.183319092
2013-11-05T05:00:00+00:00,4556,219.032424927
2013-11-05T05:20:00+00:00,4556,226.547393799
2013-11-05T05:30:00+00:00,4556,228.402740479
2013-11-05T05:40:00+00:00,4556,278.627532959
2013-11-05T05:50:00+00:00,4556,253.829940796
2013-11-05T06:00:00+00:00,4556,325.104919434
2013-11-05T06:10:00+00:00,4556,341.124359131
2013-11-05T06:20:00+00:00,4556,313.819396973
2013-11-05T06:30:00+00:00,4556,352.952636719
2013-11-05T06:40:00+00:00,4556,475.795776367
2013-11-05T06:50:00+00:00,4556,444.425231934
2013-11-05T07:00:00+00:00,4556,498.903930664
2013-11-05T07:10:00+00:00,4556,521.288696289
2013-11-05T07:20:00+00:00,4556,493.733795166
2013-11-05T07:30:00+00:00,4556,475.660247803
2013-11-05T07:40:00+00:00,4556,474.140563965
2013-11-05T07:50:00+00:00,4556,513.319641113
2013-11-05T08:00:00+00:00,4556,487.028259277
2013-11-05T08:10:00+00:00,4556,647.264160156
2013-11-05T08:20:00+00:00,4556,467.514801025
2013-11-05T08:30:00+00:00,4556,572.47668457
2013-11-05T08:40:00+00:00,4556,526.846069336
2013-11-05T08:50:00+00:00,4556,916.097839355
2013-11-05T09:00:00+00:00,4556,661.964355469
2013-11-05T09:10:00+00:00,4556,463.151184082
2013-11-05T09:20:00+00:00,4556,495.230072021
2013-11-05T09:30:00+00:00,4556,505.400726318
2013-11-05T09:40:00+00:00,4556,498.554595947
2013-11-05T09:50:00+00:00,4556,444.137817383
2013-11-05T10:00:00+00:00,4556,579.473999023
2013-11-05T10:10:00+00:00,4556,608.658569336
2013-11-05T10:20:00+00:00,4556,503.399871826
2013-11-05T10:30:00+00:00,4556,559.452941895
2013-11-05T10:40:00+00:00,4556,511.794311523
2013-11-05T10:50:00+00:00,4556,480.130706787
2013-11-05T11:00:00+00:00,4556,514.383850098
2013-11-05T11:10:00+00:00,4556,473.807006836
2013-11-05T11:20:00+00:00,4556,515.932556152
2013-11-05T11:30:00+00:00,4556,520.784790039
2013-11-05T11:40:00+00:00,4556,588.72076416
2013-11-05T11:50:00+00:00,4556,555.464233398
2013-11-05T12:00:00+00:00,4556,665.861938477
2013-11-05T12:10:00+00:00,4556,579.629882812
2013-11-05T12:20:00+00:00,4556,665.672790527
2013-11-05T12:30:00+00:00,4556,559.103637695
2013-11-05T12:40:00+00:00,4556,558.715881348
2013-11-05T12:50:00+00:00,4556,709.032714844
2013-11-05T13:00:00+00:00,4556,586.084594727
2013-11-05T13:10:00+00:00,4556,648.36151123
2013-11-05T13:20:00+00:00,4556,639.000732422
2013-11-05T13:30:00+00:00,4556,578.67376709
2013-11-05T13:40:00+00:00,4556,595.822143555
2013-11-05T13:50:00+00:00,4556,606.336730957
2013-11-05T14:00:00+00:00,4556,790.436035156
2013-11-05T14:10:00+00:00,4556,754.35144043
2013-11-05T14:20:00+00:00,4556,529.902954102
2013-11-05T14:30:00+00:00,4556,551.353027344
2013-11-05T14:40:00+00:00,4556,529.168884277
2013-11-05T14:50:00+00:00,4556,533.664672852
2013-11-05T15:00:00+00:00,4556,580.366516113
2013-11-05T15:10:00+00:00,4556,610.32824707
2013-11-05T15:20:00+00:00,4556,557.279846191
2013-11-05T15:30:00+00:00,4556,512.57434082
2013-11-05T15:40:00+00:00,4556,598.299072266
2013-11-05T15:50:00+00:00,4556,547.819702148
2013-11-05T16:00:00+00:00,4556,593.370300293
2013-11-05T16:10:00+00:00,4556,591.10736084
2013-11-05T16:20:00+00:00,4556,511.571472168
2013-11-05T16:30:00+00:00,4556,751.804382324
2013-11-05T16:40:00+00:00,4556,665.34375
2013-11-05T16:50:00+00:00,4556,686.349182129
2013-11-05T17:00:00+00:00,4556,729.348937988
2013-11-05T17:10:00+00:00,4556,719.196044922
2013-11-05T17:20:00+00:00,4556,690.01953125
2013-11-05T17:30:00+00:00,4556,779.627502441
2013-11-05T17:40:00+00:00,4556,724.113891602
2013-11-05T17:50:00+00:00,4556,742.149658203
2013-11-05T18:00:00+00:00,4556,654.058349609
2013-11-05T18:10:00+00:00,4556,777.122131348
2013-11-05T18:20:00+00:00,4556,607.714660645
2013-11-05T18:30:00+00:00,4556,648.523681641
2013-11-05T18:40:00+00:00,4556,780.142578125
2013-11-05T18:50:00+00:00,4556,590.841430664
2013-11-05T19:00:00+00:00,4556,960.710754395
2013-11-05T19:10:00+00:00,4556,698.014587402
2013-11-05T19:20:00+00:00,4556,763.356506348
2013-11-05T19:30:00+00:00,4556,938.052368164
2013-11-05T19:40:00+00:00,4556,958.631408691
2013-11-05T19:50:00+00:00,4556,873.606262207
2013-11-05T20:00:00+00:00,4556,1018.79229736
2013-11-05T20:10:00+00:00,4556,798.123657227
2013-11-05T20:20:00+00:00,4556,984.328430176
2013-11-05T20:30:00+00:00,4556,1061.70715332
2013-11-05T20:40:00+00:00,4556,1165.6583252
2013-11-05T20:50:00+00:00,4556,930.368774414
2013-11-05T21:00:00+00:00,4556,1147.03027344
2013-11-05T21:10:00+00:00,4556,1076.49829102
2013-11-05T21:20:00+00:00,4556,1176.72839355
2013-11-05T21:30:00+00:00,4556,1222.57385254
2013-11-05T21:40:00+00:00,4556,946.260620117
2013-11-05T21:50:00+00:00,4556,806.540527344
2013-11-05T22:00:00+00:00,4556,822.73626709
2013-11-05T22:10:00+00:00,4556,835.191223145
2013-11-05T22:20:00+00:00,4556,777.976013184
2013-11-05T22:30:00+00:00,4556,765.01171875
2013-11-05T22:40:00+00:00,4556,860.249755859
2013-11-05T22:50:00+00:00,4556,628.180908203
2013-11-05T23:00:00+00:00,4556,631.761352539
2013-11-05T23:10:00+00:00,4556,764.780761719
2013-11-05T23:20:00+00:00,4556,597.142028809
2013-11-05T23:30:00+00:00,4556,611.499938965
2013-11-05T23:40:00+00:00,4556,528.325073242
2013-11-05T23:50:00+00:00,4556,433.506439209
2013-11-06T00:00:00+00:00,4556,471.459411621
2013-11-06T00:10:00+00:00,4556,433.842163086
2013-11-06T00:20:00+00:00,4556,461.292419434
2013-11-06T00:30:00+00:00,4556,364.557952881
2013-11-06T00:40:00+00:00,4556,411.454345703
2013-11-06T00:50:00+00:00,4556,374.155487061
2013-11-06T01:00:00+00:00,4556,356.462890625
2013-11-06T01:20:00+00:00,4556,327.060028076
2013-11-06T01:50:00+00:00,4556,290.241516113
2013-11-06T02:00:00+00:00,4556,284.47756958
2013-11-06T02:10:00+00:00,4556,276.918914795
2013-11-06T02:40:00+00:00,4556,269.350952148
2013-11-06T02:50:00+00:00,4556,227.895477295
2013-11-06T04:30:00+00:00,4556,266.818603516
2013-11-06T04:50:00+00:00,4556,249.607437134
2013-11-06T05:00:00+00:00,4556,268.695129395
2013-11-06T05:20:00+00:00,4556,300.78302002
2013-11-06T05:30:00+00:00,4556,270.692047119
2013-11-06T05:40:00+00:00,4556,275.368469238
2013-11-06T05:50:00+00:00,4556,290.912963867
2013-11-06T06:00:00+00:00,4556,279.702362061
2013-11-06T06:10:00+00:00,4556,306.588897705
2013-11-06T06:20:00+00:00,4556,381.816223145
2013-11-06T06:30:00+00:00,4556,546.287231445
2013-11-06T06:40:00+00:00,4556,601.679260254
2013-11-06T06:50:00+00:00,4556,439.774780273
2013-11-06T07:00:00+00:00,4556,517.962768555
2013-11-06T07:10:00+00:00,4556,599.815734863
2013-11-06T07:20:00+00:00,4556,566.001525879
2013-11-06T07:30:00+00:00,4556,625.03704834
2013-11-06T07:40:00+00:00,4556,544.587219238
2013-11-06T07:50:00+00:00,4556,505.676605225
2013-11-06T08:00:00+00:00,4556,574.606445312
2013-11-06T08:10:00+00:00,4556,714.023498535
2013-11-06T08:20:00+00:00,4556,478.376525879
2013-11-06T08:30:00+00:00,4556,495.968475342
2013-11-06T08:40:00+00:00,4556,706.947265625
2013-11-06T08:50:00+00:00,4556,504.008789062
2013-11-06T09:00:00+00:00,4556,500.817474365
2013-11-06T09:10:00+00:00,4556,610.408325195
2013-11-06T09:20:00+00:00,4556,539.649780273
2013-11-06T09:30:00+00:00,4556,442.281829834
2013-11-06T09:40:00+00:00,4556,489.078033447
2013-11-06T09:50:00+00:00,4556,481.569488525
2013-11-06T10:00:00+00:00,4556,592.429138184
2013-11-06T10:10:00+00:00,4556,557.786621094
2013-11-06T10:20:00+00:00,4556,479.224273682
2013-11-06T10:30:00+00:00,4556,503.507781982
2013-11-06T10:40:00+00:00,4556,501.320495605
2013-11-06T10:50:00+00:00,4556,606.683227539
2013-11-06T11:00:00+00:00,4556,460.44732666
2013-11-06T11:10:00+00:00,4556,516.194152832
2013-11-06T11:20:00+00:00,4556,525.057312012
2013-11-06T11:30:00+00:00,4556,567.259033203
2013-11-06T11:40:00+00:00,4556,568.883361816
2013-11-06T11:50:00+00:00,4556,538.646362305
2013-11-06T12:00:00+00:00,4556,575.029174805
2013-11-06T12:10:00+00:00,4556,512.495483398
2013-11-06T12:20:00+00:00,4556,712.485656738
2013-11-06T12:30:00+00:00,4556,703.508605957
2013-11-06T12:40:00+00:00,4556,595.843200684
2013-11-06T12:50:00+00:00,4556,618.834899902
2013-11-06T13:00:00+00:00,4556,662.913574219
2013-11-06T13:10:00+00:00,4556,790.082580566
2013-11-06T13:20:00+00:00,4556,653.965820312
2013-11-06T13:30:00+00:00,4556,600.49230957
2013-11-06T13:40:00+00:00,4556,598.098876953
2013-11-06T13:50:00+00:00,4556,647.516418457
2013-11-06T14:00:00+00:00,4556,711.872192383
2013-11-06T14:10:00+00:00,4556,653.225402832
2013-11-06T14:20:00+00:00,4556,592.045043945
2013-11-06T14:30:00+00:00,4556,638.880004883
2013-11-06T14:40:00+00:00,4556,641.777099609
2013-11-06T14:50:00+00:00,4556,614.511291504
2013-11-06T15:00:00+00:00,4556,625.188293457
2013-11-06T15:10:00+00:00,4556,615.736999512
2013-11-06T15:20:00+00:00,4556,599.505004883
2013-11-06T15:30:00+00:00,4556,585.838317871
2013-11-06T15:40:00+00:00,4556,622.962524414
2013-11-06T15:50:00+00:00,4556,572.964172363
2013-11-06T16:00:00+00:00,4556,559.016845703
2013-11-06T16:10:00+00:00,4556,578.105163574
2013-11-06T16:20:00+00:00,4556,579.804138184
2013-11-06T16:30:00+00:00,4556,591.800292969
2013-11-06T16:40:00+00:00,4556,609.12310791
2013-11-06T16:50:00+00:00,4556,637.846313477
2013-11-06T17:00:00+00:00,4556,612.895690918
2013-11-06T17:10:00+00:00,4556,683.974243164
2013-11-06T17:20:00+00:00,4556,710.003051758
2013-11-06T17:30:00+00:00,4556,833.71673584
2013-11-06T17:40:00+00:00,4556,974.607299805
2013-11-06T17:50:00+00:00,4556,647.972167969
2013-11-06T18:00:00+00:00,4556,712.336181641
2013-11-06T18:10:00+00:00,4556,766.676391602
2013-11-06T18:20:00+00:00,4556,817.514526367
2013-11-06T18:30:00+00:00,4556,753.401550293
2013-11-06T18:40:00+00:00,4556,812.617431641
2013-11-06T18:50:00+00:00,4556,875.827819824
2013-11-06T19:00:00+00:00,4556,839.15423584
2013-11-06T19:10:00+00:00,4556,772.97442627
2013-11-06T19:20:00+00:00,4556,870.929748535
2013-11-06T19:30:00+00:00,4556,963.541442871
2013-11-06T19:40:00+00:00,4556,1152.16955566
2013-11-06T19:50:00+00:00,4556,1028.95495605
2013-11-06T20:00:00+00:00,4556,1000.05395508
2013-11-06T20:10:00+00:00,4556,1065.49450684
2013-11-06T20:20:00+00:00,4556,932.826782227
2013-11-06T20:30:00+00:00,4556,1028.16040039
2013-11-06T20:40:00+00:00,4556,960.192626953
2013-11-06T20:50:00+00:00,4556,930.772827148
2013-11-06T21:00:00+00:00,4556,953.973266602
2013-11-06T21:10:00+00:00,4556,1117.20654297
2013-11-06T21:20:00+00:00,4556,998.119445801
2013-11-06T21:30:00+00:00,4556,1092.80163574
2013-11-06T21:40:00+00:00,4556,1120.24865723
2013-11-06T21:50:00+00:00,4556,966.034301758
2013-11-06T22:00:00+00:00,4556,931.302734375
2013-11-06T22:10:00+00:00,4556,886.35723877
2013-11-06T22:20:00+00:00,4556,751.63861084
2013-11-06T22:30:00+00:00,4556,924.381286621
2013-11-06T22:40:00+00:00,4556,682.820678711
2013-11-06T22:50:00+00:00,4556,818.148376465
2013-11-06T23:00:00+00:00,4556,671.976928711
2013-11-06T23:10:00+00:00,4556,598.989929199
2013-11-06T23:20:00+00:00,4556,699.856445312
2013-11-06T23:30:00+00:00,4556,599.112060547
2013-11-06T23:40:00+00:00,4556,570.693725586
2013-11-06T23:50:00+00:00,4556,569.370788574
2013-11-07T00:00:00+00:00,4556,498.280822754
2013-11-07T00:10:00+00:00,4556,466.605377197
2013-11-07T00:20:00+00:00,4556,446.461425781
2013-11-07T00:30:00+00:00,4556,485.643432617
2013-11-07T00:40:00+00:00,4556,401.695953369
2013-11-07T00:50:00+00:00,4556,376.574890137
2013-11-07T01:10:00+00:00,4556,354.996429443
2013-11-07T01:20:00+00:00,4556,349.895385742
2013-11-07T01:30:00+00:00,4556,372.287109375
2013-11-07T02:00:00+00:00,4556,350.150848389
2013-11-07T02:20:00+00:00,4556,300.92779541
2013-11-07T03:30:00+00:00,4556,256.88192749
2013-11-07T04:40:00+00:00,4556,259.068634033
2013-11-07T05:00:00+00:00,4556,279.421356201
2013-11-07T05:40:00+00:00,4556,315.08581543
2013-11-07T06:00:00+00:00,4556,316.950317383
2013-11-07T06:10:00+00:00,4556,311.434539795
2013-11-07T06:20:00+00:00,4556,361.59362793
2013-11-07T06:30:00+00:00,4556,467.462036133
2013-11-07T06:40:00+00:00,4556,439.106384277
2013-11-07T06:50:00+00:00,4556,452.05090332
2013-11-07T07:00:00+00:00,4556,541.676025391
2013-11-07T07:10:00+00:00,4556,836.057861328
2013-11-07T07:20:00+00:00,4556,603.065612793
2013-11-07T07:30:00+00:00,4556,595.528442383
2013-11-07T07:40:00+00:00,4556,696.672546387
2013-11-07T07:50:00+00:00,4556,519.487731934
2013-11-07T08:00:00+00:00,4556,610.268188477
2013-11-07T08:10:00+00:00,4556,531.772094727
2013-11-07T08:20:00+00:00,4556,458.216796875
2013-11-07T08:30:00+00:00,4556,513.024291992
2013-11-07T08:40:00+00:00,4556,470.138214111
2013-11-07T08:50:00+00:00,4556,662.616882324
2013-11-07T09:00:00+00:00,4556,523.282897949
2013-11-07T09:10:00+00:00,4556,503.739349365
2013-11-07T09:20:00+00:00,4556,497.082763672
2013-11-07T09:30:00+00:00,4556,466.925933838
2013-11-07T09:40:00+00:00,4556,591.434082031
2013-11-07T09:50:00+00:00,4556,534.74597168
2013-11-07T10:00:00+00:00,4556,491.925384521
2013-11-07T10:10:00+00:00,4556,455.853149414
2013-11-07T10:20:00+00:00,4556,633.901306152
2013-11-07T10:30:00+00:00,4556,497.889648438
2013-11-07T10:40:00+00:00,4556,670.677124023
2013-11-07T10:50:00+00:00,4556,605.863525391
2013-11-07T11:00:00+00:00,4556,653.91796875
2013-11-07T11:10:00+00:00,4556,762.347961426
2013-11-07T11:20:00+00:00,4556,592.376953125
2013-11-07T11:30:00+00:00,4556,581.410583496
2013-11-07T11:40:00+00:00,4556,610.412780762
2013-11-07T11:50:00+00:00,4556,588.901611328
2013-11-07T12:00:00+00:00,4556,610.136779785
2013-11-07T12:10:00+00:00,4556,648.569580078
2013-11-07T12:20:00+00:00,4556,804.303222656
2013-11-07T12:30:00+00:00,4556,795.310913086
2013-11-07T12:40:00+00:00,4556,700.071166992
2013-11-07T12:50:00+00:00,4556,791.588439941
2013-11-07T13:00:00+00:00,4556,744.930419922
2013-11-07T13:10:00+00:00,4556,690.183227539
2013-11-07T13:20:00+00:00,4556,680.97052002
2013-11-07T13:30:00+00:00,4556,705.573547363
2013-11-07T13:40:00+00:00,4556,591.239868164
2013-11-07T13:50:00+00:00,4556,618.317199707
2013-11-07T14:00:00+00:00,4556,540.585327148
2013-11-07T14:10:00+00:00,4556,563.43762207
2013-11-07T14:20:00+00:00,4556,582.072875977
2013-11-07T14:30:00+00:00,4556,585.669189453
2013-11-07T14:40:00+00:00,4556,525.717468262
2013-11-07T14:50:00+00:00,4556,578.596557617
2013-11-07T15:00:00+00:00,4556,534.379333496
2013-11-07T15:10:00+00:00,4556,539.070617676
2013-11-07T15:20:00+00:00,4556,577.484313965
2013-11-07T15:30:00+00:00,4556,552.464355469
2013-11-07T15:40:00+00:00,4556,567.095825195
2013-11-07T15:50:00+00:00,4556,604.59161377
2013-11-07T16:00:00+00:00,4556,544.795959473
2013-11-07T16:10:00+00:00,4556,532.282958984
2013-11-07T16:20:00+00:00,4556,519.799072266
2013-11-07T16:30:00+00:00,4556,576.865234375
2013-11-07T16:40:00+00:00,4556,648.049865723
2013-11-07T16:50:00+00:00,4556,615.152587891
2013-11-07T17:00:00+00:00,4556,621.003479004
2013-11-07T17:10:00+00:00,4556,583.856872559
2013-11-07T17:20:00+00:00,4556,624.041381836
2013-11-07T17:30:00+00:00,4556,647.034667969
2013-11-07T17:40:00+00:00,4556,660.340637207
2013-11-07T17:50:00+00:00,4556,654.700561523
2013-11-07T18:00:00+00:00,4556,830.98638916
2013-11-07T18:10:00+00:00,4556,948.344482422
2013-11-07T18:20:00+00:00,4556,785.491088867
2013-11-07T18:30:00+00:00,4556,868.978210449
2013-11-07T18:40:00+00:00,4556,881.335205078
2013-11-07T18:50:00+00:00,4556,728.701599121
2013-11-07T19:00:00+00:00,4556,828.715637207
2013-11-07T19:10:00+00:00,4556,775.230895996
2013-11-07T19:20:00+00:00,4556,804.884338379
2013-11-07T19:30:00+00:00,4556,912.193725586
2013-11-07T19:40:00+00:00,4556,863.701477051
2013-11-07T19:50:00+00:00,4556,871.992370605
2013-11-07T20:00:00+00:00,4556,876.944091797
2013-11-07T20:10:00+00:00,4556,950.36328125
2013-11-07T20:20:00+00:00,4556,855.072509766
2013-11-07T20:30:00+00:00,4556,1059.97180176
2013-11-07T20:40:00+00:00,4556,860.473449707
2013-11-07T20:50:00+00:00,4556,945.575805664
2013-11-07T21:00:00+00:00,4556,1032.75097656
2013-11-07T21:10:00+00:00,4556,1024.67749023
2013-11-07T21:20:00+00:00,4556,1046.17602539
2013-11-07T21:30:00+00:00,4556,1019.2600708
2013-11-07T21:40:00+00:00,4556,1018.29486084
2013-11-07T21:50:00+00:00,4556,1065.79138184
2013-11-07T22:00:00+00:00,4556,864.770935059
2013-11-07T22:10:00+00:00,4556,862.155212402
2013-11-07T22:20:00+00:00,4556,1082.21435547
2013-11-07T22:30:00+00:00,4556,835.907531738
2013-11-07T22:40:00+00:00,4556,801.46472168
2013-11-07T22:50:00+00:00,4556,878.03515625
2013-11-07T23:00:00+00:00,4556,747.221130371
2013-11-07T23:10:00+00:00,4556,805.835693359
2013-11-07T23:20:00+00:00,4556,802.132995605
2013-11-07T23:30:00+00:00,4556,762.133911133
2013-11-07T23:40:00+00:00,4556,762.644836426
2013-11-07T23:50:00+00:00,4556,584.561401367
2013-11-08T00:00:00+00:00,4556,535.976745605
2013-11-08T00:10:00+00:00,4556,473.242584229
2013-11-08T00:20:00+00:00,4556,469.692321777
2013-11-08T00:30:00+00:00,4556,472.220245361
2013-11-08T00:40:00+00:00,4556,484.466522217
2013-11-08T00:50:00+00:00,4556,597.376403809
2013-11-08T01:00:00+00:00,4556,374.768280029
2013-11-08T01:10:00+00:00,4556,381.42678833
2013-11-08T01:20:00+00:00,4556,370.585418701
2013-11-08T01:40:00+00:00,4556,337.423736572
2013-11-08T01:50:00+00:00,4556,358.390716553
2013-11-08T04:20:00+00:00,4556,273.958953857
2013-11-08T04:50:00+00:00,4556,258.007751465
2013-11-08T05:20:00+00:00,4556,302.902557373
2013-11-08T05:30:00+00:00,4556,344.329528809
2013-11-08T05:50:00+00:00,4556,283.073760986
2013-11-08T06:00:00+00:00,4556,339.71685791
2013-11-08T06:10:00+00:00,4556,295.945678711
2013-11-08T06:20:00+00:00,4556,375.162078857
2013-11-08T06:30:00+00:00,4556,426.451873779
2013-11-08T06:40:00+00:00,4556,418.273529053
2013-11-08T06:50:00+00:00,4556,595.169128418
2013-11-08T07:00:00+00:00,4556,545.619750977
2013-11-08T07:10:00+00:00,4556,538.370544434
2013-11-08T07:20:00+00:00,4556,710.121276855
2013-11-08T07:30:00+00:00,4556,623.464416504
2013-11-08T07:40:00+00:00,4556,666.861083984
2013-11-08T07:50:00+00:00,4556,564.426025391
2013-11-08T08:00:00+00:00,4556,537.846923828
2013-11-08T08:10:00+00:00,4556,631.857910156
2013-11-08T08:20:00+00:00,4556,617.445373535
2013-11-08T08:30:00+00:00,4556,552.129089355
2013-11-08T08:40:00+00:00,4556,541.149963379
2013-11-08T08:50:00+00:00,4556,666.829956055
2013-11-08T09:00:00+00:00,4556,596.047363281
2013-11-08T09:10:00+00:00,4556,574.926025391
2013-11-08T09:20:00+00:00,4556,520.529846191
2013-11-08T09:30:00+00:00,4556,603.52520752
2013-11-08T09:40:00+00:00,4556,447.641235352
2013-11-08T09:50:00+00:00,4556,657.799987793
2013-11-08T10:00:00+00:00,4556,649.462036133
2013-11-08T10:10:00+00:00,4556,613.631835938
2013-11-08T10:20:00+00:00,4556,600.401733398
2013-11-08T10:30:00+00:00,4556,555.278747559
2013-11-08T10:40:00+00:00,4556,527.888305664
2013-11-08T10:50:00+00:00,4556,561.051818848
2013-11-08T11:00:00+00:00,4556,561.724243164
2013-11-08T11:10:00+00:00,4556,604.597473145
2013-11-08T11:20:00+00:00,4556,597.983276367
2013-11-08T11:30:00+00:00,4556,598.541137695
2013-11-08T11:40:00+00:00,4556,597.741638184
2013-11-08T11:50:00+00:00,4556,753.324951172
2013-11-08T12:00:00+00:00,4556,650.504516602
2013-11-08T12:10:00+00:00,4556,576.093078613
2013-11-08T12:20:00+00:00,4556,637.541137695
2013-11-08T12:30:00+00:00,4556,632.670898438
2013-11-08T12:40:00+00:00,4556,637.660949707
2013-11-08T12:50:00+00:00,4556,627.62109375
2013-11-08T13:00:00+00:00,4556,599.611572266
2013-11-08T13:10:00+00:00,4556,662.37689209
2013-11-08T13:20:00+00:00,4556,573.391967773
2013-11-08T13:30:00+00:00,4556,675.157958984
2013-11-08T13:40:00+00:00,4556,719.475524902
2013-11-08T13:50:00+00:00,4556,661.762939453
2013-11-08T14:00:00+00:00,4556,636.22076416
2013-11-08T14:10:00+00:00,4556,814.932373047
2013-11-08T14:20:00+00:00,4556,631.211853027
2013-11-08T14:30:00+00:00,4556,634.862365723
2013-11-08T14:40:00+00:00,4556,614.421813965
2013-11-08T14:50:00+00:00,4556,577.091308594
2013-11-08T15:00:00+00:00,4556,560.530090332
2013-11-08T15:10:00+00:00,4556,595.085754395
2013-11-08T15:20:00+00:00,4556,567.422607422
2013-11-08T15:30:00+00:00,4556,566.776306152
2013-11-08T15:40:00+00:00,4556,585.908203125
2013-11-08T15:50:00+00:00,4556,600.654785156
2013-11-08T16:00:00+00:00,4556,610.141174316
2013-11-08T16:10:00+00:00,4556,591.07244873
2013-11-08T16:20:00+00:00,4556,586.632202148
2013-11-08T16:30:00+00:00,4556,638.985290527
2013-11-08T16:40:00+00:00,4556,699.756652832
2013-11-08T16:50:00+00:00,4556,829.225769043
2013-11-08T17:00:00+00:00,4556,751.672180176
2013-11-08T17:10:00+00:00,4556,707.723632812
2013-11-08T17:20:00+00:00,4556,772.829956055
2013-11-08T17:30:00+00:00,4556,817.737731934
2013-11-08T17:40:00+00:00,4556,739.448242188
2013-11-08T17:50:00+00:00,4556,604.465942383
2013-11-08T18:00:00+00:00,4556,627.59765625
2013-11-08T18:10:00+00:00,4556,636.403869629
2013-11-08T18:20:00+00:00,4556,848.829223633
2013-11-08T18:30:00+00:00,4556,837.73046875
2013-11-08T18:40:00+00:00,4556,683.147460938
2013-11-08T18:50:00+00:00,4556,814.715026855
2013-11-08T19:00:00+00:00,4556,931.632507324
2013-11-08T19:10:00+00:00,4556,760.717956543
2013-11-08T19:20:00+00:00,4556,915.044921875
2013-11-08T19:30:00+00:00,4556,931.239379883
2013-11-08T19:40:00+00:00,4556,886.718261719
2013-11-08T19:50:00+00:00,4556,1087.11962891
2013-11-08T20:00:00+00:00,4556,1026.20141602
2013-11-08T20:10:00+00:00,4556,1114.69799805
2013-11-08T20:20:00+00:00,4556,1078.56018066
2013-11-08T20:30:00+00:00,4556,1129.90612793
2013-11-08T20:40:00+00:00,4556,1230.97521973
2013-11-08T20:50:00+00:00,4556,1286.84204102
2013-11-08T21:00:00+00:00,4556,977.374145508
2013-11-08T21:10:00+00:00,4556,1138.22827148
2013-11-08T21:20:00+00:00,4556,1137.39404297
2013-11-08T21:30:00+00:00,4556,1107.4621582
2013-11-08T21:40:00+00:00,4556,1088.47583008
2013-11-08T21:50:00+00:00,4556,1214.68774414
2013-11-08T22:00:00+00:00,4556,1150.90722656
2013-11-08T22:10:00+00:00,4556,1266.35083008
2013-11-08T22:20:00+00:00,4556,1182.00805664
2013-11-08T22:30:00+00:00,4556,1271.10449219
2013-11-08T22:40:00+00:00,4556,1090.40112305
2013-11-08T22:50:00+00:00,4556,1115.93786621
2013-11-08T23:00:00+00:00,4556,1177.83972168
2013-11-08T23:10:00+00:00,4556,1159.8614502
2013-11-08T23:20:00+00:00,4556,1197.48535156
2013-11-08T23:30:00+00:00,4556,1057.8338623
2013-11-08T23:40:00+00:00,4556,930.341369629
2013-11-08T23:50:00+00:00,4556,1009.18658447
2013-11-09T00:00:00+00:00,4556,750.649597168
2013-11-09T00:10:00+00:00,4556,723.269348145
2013-11-09T00:20:00+00:00,4556,723.812988281
2013-11-09T00:30:00+00:00,4556,607.672729492
2013-11-09T00:40:00+00:00,4556,620.414489746
2013-11-09T00:50:00+00:00,4556,578.018920898
2013-11-09T01:00:00+00:00,4556,587.200622559
2013-11-09T01:10:00+00:00,4556,619.041381836
2013-11-09T01:20:00+00:00,4556,654.393859863
2013-11-09T01:30:00+00:00,4556,595.167053223
2013-11-09T01:40:00+00:00,4556,442.601654053
2013-11-09T01:50:00+00:00,4556,445.062591553
2013-11-09T02:00:00+00:00,4556,456.157897949
2013-11-09T02:10:00+00:00,4556,397.953948975
2013-11-09T02:20:00+00:00,4556,429.06552124
2013-11-09T02:40:00+00:00,4556,408.17074585
2013-11-09T02:50:00+00:00,4556,389.902618408
2013-11-09T03:10:00+00:00,4556,309.34942627
2013-11-09T03:30:00+00:00,4556,284.728546143
2013-11-09T03:40:00+00:00,4556,305.732940674
2013-11-09T04:10:00+00:00,4556,265.196563721
2013-11-09T04:20:00+00:00,4556,259.000183105
2013-11-09T04:50:00+00:00,4556,247.572616577
2013-11-09T05:00:00+00:00,4556,259.756408691
2013-11-09T05:20:00+00:00,4556,252.922241211
2013-11-09T05:30:00+00:00,4556,349.560272217
2013-11-09T05:40:00+00:00,4556,273.618225098
2013-11-09T05:50:00+00:00,4556,265.650390625
2013-11-09T06:00:00+00:00,4556,251.306365967
2013-11-09T06:20:00+00:00,4556,279.343444824
2013-11-09T06:30:00+00:00,4556,260.803894043
2013-11-09T06:40:00+00:00,4556,317.406341553
2013-11-09T06:50:00+00:00,4556,288.233459473
2013-11-09T07:00:00+00:00,4556,354.734588623
2013-11-09T07:10:00+00:00,4556,359.567443848
2013-11-09T07:20:00+00:00,4556,354.100341797
2013-11-09T07:30:00+00:00,4556,327.380004883
2013-11-09T07:40:00+00:00,4556,414.179016113
2013-11-09T07:50:00+00:00,4556,486.825592041
2013-11-09T08:00:00+00:00,4556,432.094024658
2013-11-09T08:10:00+00:00,4556,454.017333984
2013-11-09T08:20:00+00:00,4556,514.02911377
2013-11-09T08:30:00+00:00,4556,549.526916504
2013-11-09T08:40:00+00:00,4556,715.373291016
2013-11-09T08:50:00+00:00,4556,788.545898438
2013-11-09T09:00:00+00:00,4556,625.03527832
2013-11-09T09:10:00+00:00,4556,501.236175537
2013-11-09T09:20:00+00:00,4556,580.05267334
2013-11-09T09:30:00+00:00,4556,635.333862305
2013-11-09T09:40:00+00:00,4556,546.095825195
2013-11-09T09:50:00+00:00,4556,552.187744141
2013-11-09T10:00:00+00:00,4556,595.709838867
2013-11-09T10:10:00+00:00,4556,555.875976562
2013-11-09T10:20:00+00:00,4556,659.046325684
2013-11-09T10:30:00+00:00,4556,623.217834473
2013-11-09T10:40:00+00:00,4556,569.605651855
2013-11-09T10:50:00+00:00,4556,573.172607422
2013-11-09T11:00:00+00:00,4556,581.155395508
2013-11-09T11:10:00+00:00,4556,626.910095215
2013-11-09T11:20:00+00:00,4556,581.467224121
2013-11-09T11:30:00+00:00,4556,610.462097168
2013-11-09T11:40:00+00:00,4556,632.56048584
2013-11-09T11:50:00+00:00,4556,626.207092285
2013-11-09T12:00:00+00:00,4556,643.886169434
2013-11-09T12:10:00+00:00,4556,676.148193359
2013-11-09T12:20:00+00:00,4556,683.985900879
2013-11-09T12:30:00+00:00,4556,791.649963379
2013-11-09T12:40:00+00:00,4556,802.158447266
2013-11-09T12:50:00+00:00,4556,703.914733887
2013-11-09T13:00:00+00:00,4556,700.651418269
2013-11-09T13:10:00+00:00,4556,716.264770508
2013-11-09T13:20:00+00:00,4556,735.476806641
2013-11-09T13:30:00+00:00,4556,817.110717773
2013-11-09T13:40:00+00:00,4556,922.318908691
2013-11-09T13:50:00+00:00,4556,776.713378906
2013-11-09T14:00:00+00:00,4556,901.891845703
2013-11-09T14:10:00+00:00,4556,741.816345215
2013-11-09T14:20:00+00:00,4556,907.484802246
2013-11-09T14:30:00+00:00,4556,873.202148438
2013-11-09T14:40:00+00:00,4556,925.054016113
2013-11-09T14:50:00+00:00,4556,936.200561523
2013-11-09T15:00:00+00:00,4556,842.17590332
2013-11-09T15:10:00+00:00,4556,903.985595703
2013-11-09T15:20:00+00:00,4556,912.016662598
2013-11-09T15:30:00+00:00,4556,755.81060791
2013-11-09T15:40:00+00:00,4556,950.766540527
2013-11-09T15:50:00+00:00,4556,969.130126953
2013-11-09T16:00:00+00:00,4556,758.877380371
2013-11-09T16:10:00+00:00,4556,735.167419434
2013-11-09T16:20:00+00:00,4556,930.073425293
2013-11-09T16:30:00+00:00,4556,915.367919922
2013-11-09T16:40:00+00:00,4556,880.121520996
2013-11-09T16:50:00+00:00,4556,774.614196777
2013-11-09T17:00:00+00:00,4556,845.273681641
2013-11-09T17:10:00+00:00,4556,821.002319336
2013-11-09T17:20:00+00:00,4556,709.157775879
2013-11-09T17:30:00+00:00,4556,739.124206543
2013-11-09T17:40:00+00:00,4556,918.775024414
2013-11-09T17:50:00+00:00,4556,675.935668945
2013-11-09T18:00:00+00:00,4556,683.659423828
2013-11-09T18:10:00+00:00,4556,867.002380371
2013-11-09T18:20:00+00:00,4556,864.911621094
2013-11-09T18:30:00+00:00,4556,904.910461426
2013-11-09T18:40:00+00:00,4556,1015.24621582
2013-11-09T18:50:00+00:00,4556,1042.05883789
2013-11-09T19:00:00+00:00,4556,877.026489258
2013-11-09T19:10:00+00:00,4556,1195.45593262
2013-11-09T19:20:00+00:00,4556,1006.79217529
2013-11-09T19:30:00+00:00,4556,1212.06298828
2013-11-09T19:40:00+00:00,4556,1146.73669434
2013-11-09T19:50:00+00:00,4556,1316.36779785
2013-11-09T20:00:00+00:00,4556,1238.9934082
2013-11-09T20:10:00+00:00,4556,1407.67932129
2013-11-09T20:20:00+00:00,4556,1217.12597602
2013-11-09T20:30:00+00:00,4556,1414.24060059
2013-11-09T20:40:00+00:00,4556,1426.45361328
2013-11-09T20:50:00+00:00,4556,1408.60620117
2013-11-09T21:00:00+00:00,4556,1436.1048584
2013-11-09T21:10:00+00:00,4556,1859.24035645
2013-11-09T21:20:00+00:00,4556,1696.32141113
2013-11-09T21:30:00+00:00,4556,1449.78735352
2013-11-09T21:40:00+00:00,4556,1473.52880859
2013-11-09T21:50:00+00:00,4556,1405.94775391
2013-11-09T22:00:00+00:00,4556,1574.99536133
2013-11-09T22:10:00+00:00,4556,1557.16491699
2013-11-09T22:20:00+00:00,4556,1488.37207031
2013-11-09T22:30:00+00:00,4556,1429.20495605
2013-11-09T22:40:00+00:00,4556,1530.1517334
2013-11-09T22:50:00+00:00,4556,1414.55322266
2013-11-09T23:00:00+00:00,4556,1463.06921387
2013-11-09T23:10:00+00:00,4556,1372.56018066
2013-11-09T23:20:00+00:00,4556,1305.0871582
2013-11-09T23:30:00+00:00,4556,1185.07885742
2013-11-09T23:40:00+00:00,4556,1239.98962402
2013-11-09T23:50:00+00:00,4556,1451.90466309
2013-11-10T00:00:00+00:00,4556,1234.3984375
2013-11-10T00:10:00+00:00,4556,1142.71520996
2013-11-10T00:20:00+00:00,4556,1117.07592773
2013-11-10T00:30:00+00:00,4556,1057.56433105
2013-11-10T00:40:00+00:00,4556,1146.52954102
2013-11-10T00:50:00+00:00,4556,834.329589844
2013-11-10T01:00:00+00:00,4556,764.795166016
2013-11-10T01:10:00+00:00,4556,734.192871094
2013-11-10T01:20:00+00:00,4556,651.025024414
2013-11-10T01:30:00+00:00,4556,598.080566406
2013-11-10T01:40:00+00:00,4556,644.45880127
2013-11-10T01:50:00+00:00,4556,570.653625488
2013-11-10T02:00:00+00:00,4556,503.732788086
2013-11-10T02:10:00+00:00,4556,434.134552002
2013-11-10T02:20:00+00:00,4556,343.289916992
2013-11-10T02:30:00+00:00,4556,327.447021484
2013-11-10T02:40:00+00:00,4556,344.032470703
2013-11-10T02:50:00+00:00,4556,280.409759521
2013-11-10T03:10:00+00:00,4556,301.598175049
2013-11-10T03:20:00+00:00,4556,250.900466919
2013-11-10T03:50:00+00:00,4556,240.692810059
2013-11-10T04:10:00+00:00,4556,307.39276123
2013-11-10T04:20:00+00:00,4556,238.854721069
2013-11-10T04:30:00+00:00,4556,268.192077637
2013-11-10T05:20:00+00:00,4556,245.891265869
2013-11-10T06:20:00+00:00,4556,305.103759766
2013-11-10T06:50:00+00:00,4556,275.160736084
2013-11-10T07:00:00+00:00,4556,309.733459473
2013-11-10T07:10:00+00:00,4556,341.073883057
2013-11-10T07:20:00+00:00,4556,272.540100098
2013-11-10T07:30:00+00:00,4556,312.275177002
2013-11-10T07:40:00+00:00,4556,341.305633545
2013-11-10T07:50:00+00:00,4556,324.62197876
2013-11-10T08:00:00+00:00,4556,385.174377441
2013-11-10T08:10:00+00:00,4556,342.972015381
2013-11-10T08:20:00+00:00,4556,331.404876709
2013-11-10T08:30:00+00:00,4556,420.715637207
2013-11-10T08:40:00+00:00,4556,366.579498291
2013-11-10T08:50:00+00:00,4556,397.716247559
2013-11-10T09:00:00+00:00,4556,585.931945801
2013-11-10T09:10:00+00:00,4556,516.575195312
2013-11-10T09:20:00+00:00,4556,438.501586914
2013-11-10T09:30:00+00:00,4556,398.82925415
2013-11-10T09:40:00+00:00,4556,408.422119141
2013-11-10T09:50:00+00:00,4556,451.29196167
2013-11-10T10:00:00+00:00,4556,448.256774902
2013-11-10T10:10:00+00:00,4556,437.314910889
2013-11-10T10:20:00+00:00,4556,538.75579834
2013-11-10T10:30:00+00:00,4556,561.086669922
2013-11-10T10:40:00+00:00,4556,477.46206665
2013-11-10T10:50:00+00:00,4556,594.801635742
2013-11-10T11:00:00+00:00,4556,503.012908936
2013-11-10T11:10:00+00:00,4556,580.988220215
2013-11-10T11:20:00+00:00,4556,568.340393066
2013-11-10T11:30:00+00:00,4556,608.383178711
2013-11-10T11:40:00+00:00,4556,525.526000977
2013-11-10T11:50:00+00:00,4556,577.323303223
2013-11-10T12:00:00+00:00,4556,565.905456543
2013-11-10T12:10:00+00:00,4556,558.790344238
2013-11-10T12:20:00+00:00,4556,619.478881836
2013-11-10T12:30:00+00:00,4556,822.692077637
2013-11-10T12:40:00+00:00,4556,781.850341797
2013-11-10T12:50:00+00:00,4556,632.402099609
2013-11-10T13:00:00+00:00,4556,688.999145508
2013-11-10T13:10:00+00:00,4556,927.085998535
2013-11-10T13:20:00+00:00,4556,829.569580078
2013-11-10T13:30:00+00:00,4556,847.132751465
2013-11-10T13:40:00+00:00,4556,794.262512207
2013-11-10T13:50:00+00:00,4556,797.793273926
2013-11-10T14:00:00+00:00,4556,696.894104004
2013-11-10T14:10:00+00:00,4556,745.772399902
2013-11-10T14:20:00+00:00,4556,826.674499512
2013-11-10T14:30:00+00:00,4556,682.405761719
2013-11-10T14:40:00+00:00,4556,613.338928223
2013-11-10T14:50:00+00:00,4556,656.862854004
2013-11-10T15:00:00+00:00,4556,704.978271484
2013-11-10T15:10:00+00:00,4556,653.176086426
2013-11-10T15:20:00+00:00,4556,690.93963623
2013-11-10T15:30:00+00:00,4556,713.980041504
2013-11-10T15:40:00+00:00,4556,758.004150391
2013-11-10T15:50:00+00:00,4556,670.85357666
2013-11-10T16:00:00+00:00,4556,678.053344727
2013-11-10T16:10:00+00:00,4556,665.941833496
2013-11-10T16:20:00+00:00,4556,609.965454102
2013-11-10T16:30:00+00:00,4556,687.051940918
2013-11-10T16:40:00+00:00,4556,732.995544434
2013-11-10T16:50:00+00:00,4556,871.521850586
2013-11-10T17:00:00+00:00,4556,686.313720703
2013-11-10T17:10:00+00:00,4556,611.494140625
2013-11-10T17:20:00+00:00,4556,664.686584473
2013-11-10T17:30:00+00:00,4556,614.920043945
2013-11-10T17:40:00+00:00,4556,684.538208008
2013-11-10T17:50:00+00:00,4556,651.701599121
2013-11-10T18:00:00+00:00,4556,679.791687012
2013-11-10T18:10:00+00:00,4556,763.368469238
2013-11-10T18:20:00+00:00,4556,746.122802734
2013-11-10T18:30:00+00:00,4556,739.816162109
2013-11-10T18:40:00+00:00,4556,755.928039551
2013-11-10T18:50:00+00:00,4556,750.717407227
2013-11-10T19:00:00+00:00,4556,807.375488281
2013-11-10T19:10:00+00:00,4556,817.93347168
2013-11-10T19:20:00+00:00,4556,783.710083008
2013-11-10T19:30:00+00:00,4556,807.836486816
2013-11-10T19:40:00+00:00,4556,885.22668457
2013-11-10T19:50:00+00:00,4556,805.029174805
2013-11-10T20:00:00+00:00,4556,791.730957031
2013-11-10T20:10:00+00:00,4556,873.412414551
2013-11-10T20:20:00+00:00,4556,1037.6697998
2013-11-10T20:30:00+00:00,4556,897.808898926
2013-11-10T20:40:00+00:00,4556,955.986999512
2013-11-10T20:50:00+00:00,4556,922.589904785
2013-11-10T21:00:00+00:00,4556,960.045532227
2013-11-10T21:10:00+00:00,4556,1176.42150879
2013-11-10T21:20:00+00:00,4556,1078.37133789
2013-11-10T21:30:00+00:00,4556,841.054931641
2013-11-10T21:40:00+00:00,4556,837.437805176
2013-11-10T21:50:00+00:00,4556,769.856567383
2013-11-10T22:00:00+00:00,4556,879.450927734
2013-11-10T22:10:00+00:00,4556,719.476074219
2013-11-10T22:20:00+00:00,4556,623.058776855
2013-11-10T22:30:00+00:00,4556,729.981079102
2013-11-10T22:40:00+00:00,4556,674.048217773
2013-11-10T22:50:00+00:00,4556,558.248046875
2013-11-10T23:00:00+00:00,4556,577.230957031
2013-11-10T23:10:00+00:00,4556,554.203979492
2013-11-10T23:20:00+00:00,4556,464.747314453
2013-11-10T23:30:00+00:00,4556,524.633361816
2013-11-10T23:40:00+00:00,4556,468.02923584
2013-11-10T23:50:00+00:00,4556,400.268432617
2013-11-11T00:00:00+00:00,4556,403.352813721
2013-11-11T00:10:00+00:00,4556,379.687133789
2013-11-11T00:30:00+00:00,4556,348.330780029
2013-11-11T00:40:00+00:00,4556,362.992034912
2013-11-11T01:00:00+00:00,4556,343.789733887
2013-11-11T01:10:00+00:00,4556,331.668273926
2013-11-11T05:10:00+00:00,4556,242.231002808
2013-11-11T05:30:00+00:00,4556,250.536483765
2013-11-11T05:50:00+00:00,4556,249.620483398
2013-11-11T06:00:00+00:00,4556,303.949676514
2013-11-11T06:10:00+00:00,4556,309.157318115
2013-11-11T06:20:00+00:00,4556,343.265045166
2013-11-11T06:30:00+00:00,4556,417.923095703
2013-11-11T06:40:00+00:00,4556,427.292938232
2013-11-11T06:50:00+00:00,4556,426.871124268
2013-11-11T07:00:00+00:00,4556,439.717559814
2013-11-11T07:10:00+00:00,4556,544.476318359
2013-11-11T07:20:00+00:00,4556,597.54095459
2013-11-11T07:30:00+00:00,4556,510.723114014
2013-11-11T07:40:00+00:00,4556,537.055908203
2013-11-11T07:50:00+00:00,4556,567.167053223
2013-11-11T08:00:00+00:00,4556,552.707946777
2013-11-11T08:10:00+00:00,4556,554.336853027
2013-11-11T08:20:00+00:00,4556,654.547058105
2013-11-11T08:30:00+00:00,4556,616.612609863
2013-11-11T08:40:00+00:00,4556,547.627380371
2013-11-11T08:50:00+00:00,4556,563.159790039
2013-11-11T09:00:00+00:00,4556,656.612426758
2013-11-11T09:10:00+00:00,4556,538.098327637
2013-11-11T09:20:00+00:00,4556,553.99029541
2013-11-11T09:30:00+00:00,4556,623.20098877
2013-11-11T09:40:00+00:00,4556,545.20904541
2013-11-11T09:50:00+00:00,4556,514.239440918
2013-11-11T10:00:00+00:00,4556,509.550872803
2013-11-11T10:10:00+00:00,4556,491.457794189
2013-11-11T10:20:00+00:00,4556,546.177185059
2013-11-11T10:30:00+00:00,4556,501.886901855
2013-11-11T10:40:00+00:00,4556,517.69128418
2013-11-11T10:50:00+00:00,4556,446.165527344
2013-11-11T11:00:00+00:00,4556,502.493591309
2013-11-11T11:10:00+00:00,4556,554.710510254
2013-11-11T11:20:00+00:00,4556,513.632385254
2013-11-11T11:30:00+00:00,4556,540.947753906
2013-11-11T11:40:00+00:00,4556,665.753356934
2013-11-11T11:50:00+00:00,4556,664.424316406
2013-11-11T12:00:00+00:00,4556,566.676757812
2013-11-11T12:10:00+00:00,4556,598.819030762
2013-11-11T12:20:00+00:00,4556,591.570983887
2013-11-11T12:30:00+00:00,4556,734.446899414
2013-11-11T12:40:00+00:00,4556,727.973022461
2013-11-11T12:50:00+00:00,4556,632.263366699
2013-11-11T13:00:00+00:00,4556,674.316101074
2013-11-11T13:10:00+00:00,4556,766.965576172
2013-11-11T13:20:00+00:00,4556,704.178771973
2013-11-11T13:30:00+00:00,4556,627.711914062
2013-11-11T13:40:00+00:00,4556,676.609436035
2013-11-11T13:50:00+00:00,4556,571.578918457
2013-11-11T14:00:00+00:00,4556,564.965942383
2013-11-11T14:10:00+00:00,4556,765.554382324
2013-11-11T14:20:00+00:00,4556,579.253845215
2013-11-11T14:30:00+00:00,4556,764.758666992
2013-11-11T14:40:00+00:00,4556,679.479492188
2013-11-11T14:50:00+00:00,4556,693.470397949
2013-11-11T15:00:00+00:00,4556,573.343200684
2013-11-11T15:10:00+00:00,4556,618.532104492
2013-11-11T15:20:00+00:00,4556,652.080627441
2013-11-11T15:30:00+00:00,4556,787.978820801
2013-11-11T15:40:00+00:00,4556,561.702636719
2013-11-11T15:50:00+00:00,4556,658.414123535
2013-11-11T16:00:00+00:00,4556,600.051086426
2013-11-11T16:10:00+00:00,4556,631.841491699
2013-11-11T16:20:00+00:00,4556,627.809509277
2013-11-11T16:30:00+00:00,4556,624.397949219
2013-11-11T16:40:00+00:00,4556,600.88494873
2013-11-11T16:50:00+00:00,4556,645.360656738
2013-11-11T17:00:00+00:00,4556,665.808959961
2013-11-11T17:10:00+00:00,4556,612.195007324
2013-11-11T17:20:00+00:00,4556,653.714233398
2013-11-11T17:30:00+00:00,4556,622.444396973
2013-11-11T17:40:00+00:00,4556,739.828735352
2013-11-11T17:50:00+00:00,4556,659.414550781
2013-11-11T18:00:00+00:00,4556,698.378295898
2013-11-11T18:10:00+00:00,4556,629.801391602
2013-11-11T18:20:00+00:00,4556,682.46862793
2013-11-11T18:30:00+00:00,4556,692.187316895
2013-11-11T18:40:00+00:00,4556,708.183654785
2013-11-11T18:50:00+00:00,4556,765.149108887
2013-11-11T19:00:00+00:00,4556,699.266235352
2013-11-11T19:10:00+00:00,4556,809.072631836
2013-11-11T19:20:00+00:00,4556,671.877380371
2013-11-11T19:30:00+00:00,4556,660.714538574
2013-11-11T19:40:00+00:00,4556,742.327209473
2013-11-11T19:50:00+00:00,4556,742.765075684
2013-11-11T20:00:00+00:00,4556,732.402648926
2013-11-11T20:10:00+00:00,4556,810.869506836
2013-11-11T20:20:00+00:00,4556,737.624267578
2013-11-11T20:30:00+00:00,4556,686.905517578
2013-11-11T20:40:00+00:00,4556,817.738037109
2013-11-11T20:50:00+00:00,4556,688.244873047
2013-11-11T21:00:00+00:00,4556,721.299743652
2013-11-11T21:10:00+00:00,4556,891.078186035
2013-11-11T21:20:00+00:00,4556,802.966247559
2013-11-11T21:30:00+00:00,4556,776.988464355
2013-11-11T21:40:00+00:00,4556,686.129089355
2013-11-11T21:50:00+00:00,4556,899.295166016
2013-11-11T22:00:00+00:00,4556,708.774963379
2013-11-11T22:10:00+00:00,4556,721.581054688
2013-11-11T22:20:00+00:00,4556,787.509460449
2013-11-11T22:30:00+00:00,4556,717.225158691
2013-11-11T22:40:00+00:00,4556,663.425842285
2013-11-11T22:50:00+00:00,4556,776.08795166
2013-11-11T23:00:00+00:00,4556,520.512939453
2013-11-11T23:10:00+00:00,4556,515.65246582
2013-11-11T23:20:00+00:00,4556,491.295471191
2013-11-11T23:30:00+00:00,4556,474.851165771
2013-11-11T23:40:00+00:00,4556,425.660614014
2013-11-11T23:50:00+00:00,4556,397.983856201
2013-11-12T00:00:00+00:00,4556,417.04901123
2013-11-12T00:10:00+00:00,4556,391.095794678
2013-11-12T04:00:00+00:00,4556,252.089263916
2013-11-12T05:00:00+00:00,4556,353.178649902
2013-11-12T05:10:00+00:00,4556,258.86315918
2013-11-12T05:20:00+00:00,4556,274.977722168
2013-11-12T05:40:00+00:00,4556,325.859313965
2013-11-12T06:00:00+00:00,4556,329.673858643
2013-11-12T06:10:00+00:00,4556,312.628967285
2013-11-12T06:20:00+00:00,4556,394.987579346
2013-11-12T06:30:00+00:00,4556,464.356750488
2013-11-12T06:40:00+00:00,4556,468.45401001
2013-11-12T06:50:00+00:00,4556,450.723968506
2013-11-12T07:00:00+00:00,4556,510.939666748
2013-11-12T07:10:00+00:00,4556,529.359619141
2013-11-12T07:20:00+00:00,4556,523.658508301
2013-11-12T07:30:00+00:00,4556,523.323730469
2013-11-12T07:40:00+00:00,4556,590.56237793
2013-11-12T07:50:00+00:00,4556,601.858581543
2013-11-12T08:00:00+00:00,4556,636.158203125
2013-11-12T08:10:00+00:00,4556,556.221496582
2013-11-12T08:20:00+00:00,4556,560.17565918
2013-11-12T08:30:00+00:00,4556,604.397460938
2013-11-12T08:40:00+00:00,4556,533.562683105
2013-11-12T08:50:00+00:00,4556,599.712768555
2013-11-12T09:00:00+00:00,4556,608.25390625
2013-11-12T09:10:00+00:00,4556,538.654968262
2013-11-12T09:20:00+00:00,4556,531.400939941
2013-11-12T09:30:00+00:00,4556,508.872650146
2013-11-12T09:40:00+00:00,4556,497.600921631
2013-11-12T09:50:00+00:00,4556,570.761047363
2013-11-12T10:00:00+00:00,4556,476.464202881
2013-11-12T10:10:00+00:00,4556,491.5887146
2013-11-12T10:20:00+00:00,4556,529.274047852
2013-11-12T10:30:00+00:00,4556,429.969940186
2013-11-12T10:40:00+00:00,4556,612.277099609
2013-11-12T10:50:00+00:00,4556,552.953674316
2013-11-12T11:00:00+00:00,4556,669.574829102
2013-11-12T11:10:00+00:00,4556,716.374328613
2013-11-12T11:20:00+00:00,4556,704.393005371
2013-11-12T11:30:00+00:00,4556,578.668029785
2013-11-12T11:40:00+00:00,4556,774.059570312
2013-11-12T11:50:00+00:00,4556,518.063720703
2013-11-12T12:00:00+00:00,4556,657.955749512
2013-11-12T12:10:00+00:00,4556,719.129272461
2013-11-12T12:20:00+00:00,4556,685.538024902
2013-11-12T12:30:00+00:00,4556,614.600219727
2013-11-12T12:40:00+00:00,4556,774.618103027
2013-11-12T12:50:00+00:00,4556,625.561645508
2013-11-12T13:00:00+00:00,4556,819.546020508
2013-11-12T13:10:00+00:00,4556,664.172363281
2013-11-12T13:20:00+00:00,4556,535.520812988
2013-11-12T13:30:00+00:00,4556,644.278015137
2013-11-12T13:40:00+00:00,4556,629.641845703
2013-11-12T13:50:00+00:00,4556,643.622009277
2013-11-12T14:00:00+00:00,4556,657.300231934
2013-11-12T14:10:00+00:00,4556,603.783630371
2013-11-12T14:20:00+00:00,4556,568.588500977
2013-11-12T14:30:00+00:00,4556,615.42010498
2013-11-12T14:40:00+00:00,4556,642.37109375
2013-11-12T14:50:00+00:00,4556,638.957824707
2013-11-12T15:00:00+00:00,4556,555.16973877
2013-11-12T15:10:00+00:00,4556,599.714477539
2013-11-12T15:20:00+00:00,4556,616.547485352
2013-11-12T15:30:00+00:00,4556,533.096557617
2013-11-12T15:40:00+00:00,4556,580.158203125
2013-11-12T15:50:00+00:00,4556,608.258361816
2013-11-12T16:00:00+00:00,4556,848.988098145
2013-11-12T16:10:00+00:00,4556,714.906677246
2013-11-12T16:20:00+00:00,4556,624.50390625
2013-11-12T16:30:00+00:00,4556,569.300537109
2013-11-12T16:40:00+00:00,4556,744.87322998
2013-11-12T16:50:00+00:00,4556,579.442687988
2013-11-12T17:00:00+00:00,4556,584.584533691
2013-11-12T17:10:00+00:00,4556,712.77532959
2013-11-12T17:20:00+00:00,4556,672.274353027
2013-11-12T17:30:00+00:00,4556,751.037231445
2013-11-12T17:40:00+00:00,4556,725.146911621
2013-11-12T17:50:00+00:00,4556,843.292724609
2013-11-12T18:00:00+00:00,4556,706.923217773
2013-11-12T18:10:00+00:00,4556,601.131835938
2013-11-12T18:20:00+00:00,4556,597.555419922
2013-11-12T18:30:00+00:00,4556,658.644226074
2013-11-12T18:40:00+00:00,4556,665.051940918
2013-11-12T18:50:00+00:00,4556,706.753540039
2013-11-12T19:00:00+00:00,4556,869.219970703
2013-11-12T19:10:00+00:00,4556,757.734436035
2013-11-12T19:20:00+00:00,4556,954.410217285
2013-11-12T19:30:00+00:00,4556,980.529663086
2013-11-12T19:40:00+00:00,4556,1330.79980469
2013-11-12T19:50:00+00:00,4556,949.684997559
2013-11-12T20:00:00+00:00,4556,792.225708008
2013-11-12T20:10:00+00:00,4556,879.070861816
2013-11-12T20:20:00+00:00,4556,803.157775879
2013-11-12T20:30:00+00:00,4556,776.242736816
2013-11-12T20:40:00+00:00,4556,797.926391602
2013-11-12T20:50:00+00:00,4556,818.903503418
2013-11-12T21:00:00+00:00,4556,926.042114258
2013-11-12T21:10:00+00:00,4556,803.546569824
2013-11-12T21:20:00+00:00,4556,855.075195312
2013-11-12T21:30:00+00:00,4556,918.493041992
2013-11-12T21:40:00+00:00,4556,833.06439209
2013-11-12T21:50:00+00:00,4556,822.962158203
2013-11-12T22:00:00+00:00,4556,842.848510742
2013-11-12T22:10:00+00:00,4556,902.343811035
2013-11-12T22:20:00+00:00,4556,824.37286377
2013-11-12T22:30:00+00:00,4556,687.336853027
2013-11-12T22:40:00+00:00,4556,1002.99841309
2013-11-12T22:50:00+00:00,4556,767.129638672
2013-11-12T23:00:00+00:00,4556,632.019714355
2013-11-12T23:10:00+00:00,4556,594.859436035
2013-11-12T23:20:00+00:00,4556,595.504638672
2013-11-12T23:30:00+00:00,4556,505.573455811
2013-11-12T23:40:00+00:00,4556,541.631408691
2013-11-12T23:50:00+00:00,4556,478.729888916
2013-11-13T00:00:00+00:00,4556,415.493774414
2013-11-13T00:10:00+00:00,4556,466.213684082
2013-11-13T00:30:00+00:00,4556,355.047119141
2013-11-13T00:40:00+00:00,4556,388.425415039
2013-11-13T00:50:00+00:00,4556,383.889434814
2013-11-13T02:30:00+00:00,4556,255.243438721
2013-11-13T04:40:00+00:00,4556,256.133209229
2013-11-13T05:30:00+00:00,4556,236.701034546
2013-11-13T05:50:00+00:00,4556,288.684509277
2013-11-13T06:00:00+00:00,4556,267.45135498
2013-11-13T06:10:00+00:00,4556,333.069244385
2013-11-13T06:20:00+00:00,4556,329.510070801
2013-11-13T06:30:00+00:00,4556,324.645843506
2013-11-13T06:40:00+00:00,4556,493.46194458
2013-11-13T06:50:00+00:00,4556,436.944610596
2013-11-13T07:00:00+00:00,4556,484.341094971
2013-11-13T07:10:00+00:00,4556,536.405029297
2013-11-13T07:20:00+00:00,4556,568.883728027
2013-11-13T07:30:00+00:00,4556,617.450134277
2013-11-13T07:40:00+00:00,4556,728.215698242
2013-11-13T07:50:00+00:00,4556,703.198425293
2013-11-13T08:00:00+00:00,4556,529.822814941
2013-11-13T08:10:00+00:00,4556,579.806030273
2013-11-13T08:20:00+00:00,4556,626.753234863
2013-11-13T08:30:00+00:00,4556,565.629150391
2013-11-13T08:40:00+00:00,4556,567.397277832
2013-11-13T08:50:00+00:00,4556,627.657531738
2013-11-13T09:00:00+00:00,4556,473.537475586
2013-11-13T09:10:00+00:00,4556,580.824401855
2013-11-13T09:20:00+00:00,4556,603.793640137
2013-11-13T09:30:00+00:00,4556,430.249725342
2013-11-13T09:40:00+00:00,4556,518.77911377
2013-11-13T09:50:00+00:00,4556,533.539550781
2013-11-13T10:00:00+00:00,4556,466.313903809
2013-11-13T10:10:00+00:00,4556,587.22668457
2013-11-13T10:20:00+00:00,4556,525.283508301
2013-11-13T10:30:00+00:00,4556,510.865234375
2013-11-13T10:40:00+00:00,4556,545.389587402
2013-11-13T10:50:00+00:00,4556,511.305877686
2013-11-13T11:00:00+00:00,4556,492.653778076
2013-11-13T11:10:00+00:00,4556,567.274597168
2013-11-13T11:20:00+00:00,4556,570.201965332
2013-11-13T11:30:00+00:00,4556,632.132568359
2013-11-13T11:40:00+00:00,4556,537.490600586
2013-11-13T11:50:00+00:00,4556,598.735412598
2013-11-13T12:00:00+00:00,4556,559.05267334
2013-11-13T12:10:00+00:00,4556,582.684997559
2013-11-13T12:20:00+00:00,4556,603.019958496
2013-11-13T12:30:00+00:00,4556,634.76763916
2013-11-13T12:40:00+00:00,4556,760.155944824
2013-11-13T12:50:00+00:00,4556,636.811157227
2013-11-13T13:00:00+00:00,4556,562.578613281
2013-11-13T13:10:00+00:00,4556,792.431213379
2013-11-13T13:20:00+00:00,4556,616.926147461
2013-11-13T13:30:00+00:00,4556,580.680358887
2013-11-13T13:40:00+00:00,4556,587.812683105
2013-11-13T13:50:00+00:00,4556,746.068237305
2013-11-13T14:00:00+00:00,4556,663.625061035
2013-11-13T14:10:00+00:00,4556,672.507873535
2013-11-13T14:20:00+00:00,4556,557.477050781
2013-11-13T14:30:00+00:00,4556,586.821044922
2013-11-13T14:40:00+00:00,4556,771.258789062
2013-11-13T14:50:00+00:00,4556,597.131896973
2013-11-13T15:00:00+00:00,4556,616.100585938
2013-11-13T15:10:00+00:00,4556,660.506958008
2013-11-13T15:20:00+00:00,4556,693.576477051
2013-11-13T15:30:00+00:00,4556,677.937072754
2013-11-13T15:40:00+00:00,4556,583.432678223
2013-11-13T15:50:00+00:00,4556,579.227416992
2013-11-13T16:00:00+00:00,4556,655.211914062
2013-11-13T16:10:00+00:00,4556,693.081726074
2013-11-13T16:20:00+00:00,4556,601.879089355
2013-11-13T16:30:00+00:00,4556,599.62487793
2013-11-13T16:40:00+00:00,4556,740.902282715
2013-11-13T16:50:00+00:00,4556,760.710632324
2013-11-13T17:00:00+00:00,4556,736.526855469
2013-11-13T17:10:00+00:00,4556,757.676574707
2013-11-13T17:20:00+00:00,4556,710.060241699
2013-11-13T17:30:00+00:00,4556,888.893676758
2013-11-13T17:40:00+00:00,4556,779.711914062
2013-11-13T17:50:00+00:00,4556,719.742736816
2013-11-13T18:00:00+00:00,4556,670.87286377
2013-11-13T18:10:00+00:00,4556,730.265319824
2013-11-13T18:20:00+00:00,4556,798.445495605
2013-11-13T18:30:00+00:00,4556,798.349060059
2013-11-13T18:40:00+00:00,4556,878.90423584
2013-11-13T18:50:00+00:00,4556,738.218017578
2013-11-13T19:00:00+00:00,4556,814.338684082
2013-11-13T19:10:00+00:00,4556,739.087768555
2013-11-13T19:20:00+00:00,4556,778.300292969
2013-11-13T19:30:00+00:00,4556,982.567382812
2013-11-13T19:40:00+00:00,4556,850.863952637
2013-11-13T19:50:00+00:00,4556,837.403747559
2013-11-13T20:00:00+00:00,4556,962.722290039
2013-11-13T20:10:00+00:00,4556,968.635375977
2013-11-13T20:20:00+00:00,4556,976.651184082
2013-11-13T20:30:00+00:00,4556,994.007568359
2013-11-13T20:40:00+00:00,4556,1016.72827148
2013-11-13T20:50:00+00:00,4556,1046.1940918
2013-11-13T21:00:00+00:00,4556,936.547790527
2013-11-13T21:10:00+00:00,4556,991.04675293
2013-11-13T21:20:00+00:00,4556,958.362792969
2013-11-13T21:30:00+00:00,4556,910.254211426
2013-11-13T21:40:00+00:00,4556,1063.45117188
2013-11-13T21:50:00+00:00,4556,985.496582031
2013-11-13T22:00:00+00:00,4556,912.255371094
2013-11-13T22:10:00+00:00,4556,1030.26025391
2013-11-13T22:20:00+00:00,4556,993.6328125
2013-11-13T22:30:00+00:00,4556,948.806762695
2013-11-13T22:40:00+00:00,4556,1083.88818359
2013-11-13T22:50:00+00:00,4556,838.250549316
2013-11-13T23:00:00+00:00,4556,747.880249023
2013-11-13T23:10:00+00:00,4556,916.74432373
2013-11-13T23:20:00+00:00,4556,806.198730469
2013-11-13T23:30:00+00:00,4556,706.808532715
2013-11-13T23:40:00+00:00,4556,764.922424316
2013-11-13T23:50:00+00:00,4556,701.733337402
2013-11-14T00:00:00+00:00,4556,698.83215332
2013-11-14T00:10:00+00:00,4556,608.747497559
2013-11-14T00:20:00+00:00,4556,477.280822754
2013-11-14T00:30:00+00:00,4556,478.024932861
2013-11-14T00:50:00+00:00,4556,428.521087646
2013-11-14T01:00:00+00:00,4556,397.262237549
2013-11-14T01:30:00+00:00,4556,334.046478271
2013-11-14T02:20:00+00:00,4556,307.854614258
2013-11-14T02:30:00+00:00,4556,290.350280762
2013-11-14T03:00:00+00:00,4556,282.399200439
2013-11-14T05:00:00+00:00,4556,292.607940674
2013-11-14T05:20:00+00:00,4556,319.309661865
2013-11-14T05:40:00+00:00,4556,289.336364746
2013-11-14T05:50:00+00:00,4556,319.223388672
2013-11-14T06:00:00+00:00,4556,322.753295898
2013-11-14T06:10:00+00:00,4556,361.333190918
2013-11-14T06:20:00+00:00,4556,407.781921387
2013-11-14T06:30:00+00:00,4556,430.274047852
2013-11-14T06:40:00+00:00,4556,485.179077148
2013-11-14T06:50:00+00:00,4556,407.694549561
2013-11-14T07:00:00+00:00,4556,556.19934082
2013-11-14T07:10:00+00:00,4556,622.949157715
2013-11-14T07:20:00+00:00,4556,599.707214355
2013-11-14T07:30:00+00:00,4556,622.415588379
2013-11-14T07:40:00+00:00,4556,627.069824219
2013-11-14T07:50:00+00:00,4556,593.580627441
2013-11-14T08:00:00+00:00,4556,528.417602539
2013-11-14T08:10:00+00:00,4556,476.194702148
2013-11-14T08:20:00+00:00,4556,504.384460449
2013-11-14T08:30:00+00:00,4556,517.756408691
2013-11-14T08:40:00+00:00,4556,587.296691895
2013-11-14T08:50:00+00:00,4556,706.468933105
2013-11-14T09:00:00+00:00,4556,556.522277832
2013-11-14T09:10:00+00:00,4556,505.765441895
2013-11-14T09:20:00+00:00,4556,478.212097168
2013-11-14T09:30:00+00:00,4556,548.844726562
2013-11-14T09:40:00+00:00,4556,533.630004883
2013-11-14T09:50:00+00:00,4556,535.89263916
2013-11-14T10:00:00+00:00,4556,487.335174561
2013-11-14T10:10:00+00:00,4556,453.193878174
2013-11-14T10:20:00+00:00,4556,623.478942871
2013-11-14T10:30:00+00:00,4556,494.193817139
2013-11-14T10:40:00+00:00,4556,554.870483398
2013-11-14T10:50:00+00:00,4556,481.028930664
2013-11-14T11:00:00+00:00,4556,612.688964844
2013-11-14T11:10:00+00:00,4556,705.707092285
2013-11-14T11:20:00+00:00,4556,629.327758789
2013-11-14T11:30:00+00:00,4556,664.853820801
2013-11-14T11:40:00+00:00,4556,683.094604492
2013-11-14T11:50:00+00:00,4556,512.337341309
2013-11-14T12:00:00+00:00,4556,597.929260254
2013-11-14T12:10:00+00:00,4556,656.249755859
2013-11-14T12:20:00+00:00,4556,651.975036621
2013-11-14T12:30:00+00:00,4556,724.802490234
2013-11-14T12:40:00+00:00,4556,626.600402832
2013-11-14T12:50:00+00:00,4556,784.879699707
2013-11-14T13:00:00+00:00,4556,800.55645752
2013-11-14T13:10:00+00:00,4556,705.412231445
2013-11-14T13:20:00+00:00,4556,667.004272461
2013-11-14T13:30:00+00:00,4556,672.377868652
2013-11-14T13:40:00+00:00,4556,590.257385254
2013-11-14T13:50:00+00:00,4556,585.500915527
2013-11-14T14:00:00+00:00,4556,635.567077637
2013-11-14T14:10:00+00:00,4556,608.059020996
2013-11-14T14:20:00+00:00,4556,565.84576416
2013-11-14T14:30:00+00:00,4556,621.401245117
2013-11-14T14:40:00+00:00,4556,580.76348877
2013-11-14T14:50:00+00:00,4556,476.972137451
2013-11-14T15:00:00+00:00,4556,500.493591309
2013-11-14T15:10:00+00:00,4556,511.631500244
2013-11-14T15:20:00+00:00,4556,564.772766113
2013-11-14T15:30:00+00:00,4556,550.95526123
2013-11-14T15:40:00+00:00,4556,550.596069336
2013-11-14T15:50:00+00:00,4556,558.381530762
2013-11-14T16:00:00+00:00,4556,597.157104492
2013-11-14T16:10:00+00:00,4556,577.257202148
2013-11-14T16:20:00+00:00,4556,645.471435547
2013-11-14T16:30:00+00:00,4556,561.917297363
2013-11-14T16:40:00+00:00,4556,510.12310791
2013-11-14T16:50:00+00:00,4556,642.892333984
2013-11-14T17:00:00+00:00,4556,593.496765137
2013-11-14T17:10:00+00:00,4556,654.631835938
2013-11-14T17:20:00+00:00,4556,662.28692627
2013-11-14T17:30:00+00:00,4556,656.978149414
2013-11-14T17:40:00+00:00,4556,626.902526855
2013-11-14T17:50:00+00:00,4556,778.669189453
2013-11-14T18:00:00+00:00,4556,1167.81018066
2013-11-14T18:10:00+00:00,4556,942.271789551
2013-11-14T18:20:00+00:00,4556,748.612670898
2013-11-14T18:30:00+00:00,4556,802.238464355
2013-11-14T18:40:00+00:00,4556,752.947692871
2013-11-14T18:50:00+00:00,4556,742.771972656
2013-11-14T19:00:00+00:00,4556,765.151733398
2013-11-14T19:10:00+00:00,4556,771.641479492
2013-11-14T19:20:00+00:00,4556,788.838562012
2013-11-14T19:30:00+00:00,4556,806.807922363
2013-11-14T19:40:00+00:00,4556,774.27722168
2013-11-14T19:50:00+00:00,4556,857.685302734
2013-11-14T20:00:00+00:00,4556,858.28729248
2013-11-14T20:10:00+00:00,4556,845.557983398
2013-11-14T20:20:00+00:00,4556,991.316894531
2013-11-14T20:30:00+00:00,4556,868.802978516
2013-11-14T20:40:00+00:00,4556,913.313781738
2013-11-14T20:50:00+00:00,4556,980.020690918
2013-11-14T21:00:00+00:00,4556,873.389343262
2013-11-14T21:10:00+00:00,4556,1026.22680664
2013-11-14T21:20:00+00:00,4556,871.300354004
2013-11-14T21:30:00+00:00,4556,855.578613281
2013-11-14T21:40:00+00:00,4556,853.390258789
2013-11-14T21:50:00+00:00,4556,753.346130371
2013-11-14T22:00:00+00:00,4556,829.570373535
2013-11-14T22:10:00+00:00,4556,819.942260742
2013-11-14T22:20:00+00:00,4556,771.942138672
2013-11-14T22:30:00+00:00,4556,780.002868652
2013-11-14T22:40:00+00:00,4556,815.678955078
2013-11-14T22:50:00+00:00,4556,804.068847656
